respondent_id,region,residence_zone,age_group,gender,income_group,education,consumption_frequency,consumer_profile,monthly_consumption_estimate,consumption_intensity,label_importance,label_importance_score,high_label_importance,consumer_knowledge_score,strategic_segment,wine_types__nao_tenho_preferencia_definida,wine_types__vinho_branco_seco,wine_types__vinho_demi_sec,wine_types__vinho_espumante,wine_types__vinho_licoroso_e_ou_fortificado,wine_types__vinho_rose,wine_types__vinho_suave,wine_types__vinho_tinto_seco,purchase_channels__aplicativos_de_delivery_de_bebidas,purchase_channels__diretamente_em_vinicolas,purchase_channels__lojas_fisicas_especializadas,purchase_channels__lojas_online_especializadas,purchase_channels__restaurantes_e_bares,purchase_channels__supermercados,purchase_factors__curiosidade_ou_interesse_por_novos_produtos,purchase_factors__descricao_sensorial_aroma_sabor_estilo,purchase_factors__design_e_informacao_do_rotulo,purchase_factors__preco,purchase_factors__promocoes_ou_descontos,purchase_factors__praticas_sustentaveis_e_ou_impacto_ambiental,purchase_factors__recomendacao_amigos_especialistas_avaliacoes,purchase_factors__regiao_de_origem,purchase_factors__variedade,purchase_factors__vinicola_produtor,sustainable_attributes__clareza_e_transparencia_das_informacoes_no_rotulo,sustainable_attributes__grau_de_inovacao_do_produto,sustainable_attributes__origem_das_uvas_regiao_procedencia,sustainable_attributes__presenca_de_certificacoes_ou_selos_ambientais,sustainable_attributes__preco,sustainable_attributes__qualidade_sensorial_sabor_aroma_equilibrio,sustainable_attributes__sustentabilidade_ambiental_menor_impacto_no_cultivo
1,Região Sul,Zona urbana,Entre 26 e 35 anos,Feminino,De 3 a 4 salários mínimos,Pós-graduação completa,Raramente,Apreciador técnico,0.5,Baixa frequência,Extremamente importante,4,1,3,Potencial sustentável,0,1,0,0,0,0,0,0,0,0,0,0,0,1,0,0,1,1,0,0,1,0,1,0,0,1,1,0,1,0,0
2,Região Sul,Zona urbana,Entre 36 e 45 anos,Feminino,Acima de 6 salários mínimos,Pós-graduação completa,De 4 a 6 vezes por semana,Profissional do setor,21.5,Alta frequência,Extremamente importante,4,1,4,Alta prioridade,0,1,0,1,0,0,0,1,0,0,1,1,0,1,1,0,0,1,0,1,1,1,1,0,0,1,0,1,0,0,1
3,Região Sul,Zona urbana,Entre 18 e 25 anos,Feminino,De 1 a 2 salários mínimos,Pós-graduação incompleta,Raramente,Apreciador interessado,0.5,Baixa frequência,Muito importante,3,1,2,Potencial sustentável,0,1,0,0,0,1,0,1,0,0,0,0,0,1,1,1,0,1,0,0,1,0,1,0,0,1,1,0,1,1,0
4,Região Nordeste,Zona urbana,Entre 36 e 45 anos,Feminino,De 5 a 6 salários mínimos,Pós-graduação completa,Raramente,Consumidor ocasional,0.5,Baixa frequência,Extremamente importante,4,1,1,Potencial sustentável,0,0,1,0,0,0,0,1,0,0,0,1,0,1,0,1,0,1,0,0,0,0,1,0,0,0,0,0,0,1,1
5,Região Sudeste,Zona urbana,Entre 26 e 35 anos,Feminino,De 1 a 2 salários mínimos,Pós-graduação completa,Raramente,Consumidor ocasional,0.5,Baixa frequência,Extremamente importante,4,1,1,Potencial sustentável,0,1,0,1,0,0,1,0,0,0,0,0,0,1,0,0,0,1,1,0,1,0,1,0,1,0,1,0,1,1,0
6,Região Sul,Zona urbana,Entre 18 e 25 anos,Masculino,De 3 a 4 salários mínimos,Ensino superior incompleto,1 vez por mês,Consumidor ocasional,1.0,Frequência moderada,Muito importante,3,1,1,Potencial sustentável,1,0,0,0,0,0,0,0,0,1,1,1,1,1,1,0,0,1,0,0,0,0,0,1,0,0,0,0,1,0,1
7,Região Sul,Zona urbana,Entre 26 e 35 anos,Feminino,De 1 a 2 salários mínimos,Pós-graduação completa,1 vez por semana,Profissional do setor,4.3,Alta frequência,Muito importante,3,1,4,Alta prioridade,0,1,0,1,0,1,0,1,0,1,1,0,0,1,0,0,0,1,0,0,0,1,1,0,1,0,1,0,1,1,1
8,Região Sul,Zona urbana,Entre 36 e 45 anos,Masculino,De 3 a 4 salários mínimos,Pós-graduação completa,De 2 a 3 vezes por semana,Profissional do setor,10.8,Alta frequência,Muito importante,3,1,4,Alta prioridade,0,1,0,1,1,1,0,1,0,0,1,0,1,1,1,0,0,1,1,0,0,1,0,1,1,0,1,1,1,1,1
9,Região Sul,Zona urbana,Entre 18 e 25 anos,Feminino,De 3 a 4 salários mínimos,Pós-graduação incompleta,1 vez por semana,Apreciador interessado,4.3,Alta frequência,Muito importante,3,1,2,Alta prioridade,0,0,0,1,0,1,0,1,0,1,0,1,0,1,0,1,0,1,0,0,1,1,1,1,0,0,1,1,0,1,0
10,Região Sul,Zona rural,Entre 26 e 35 anos,Feminino,De 1 a 2 salários mínimos,Ensino superior incompleto,Raramente,Consumidor ocasional,0.5,Baixa frequência,Muito importante,3,1,1,Potencial sustentável,0,0,0,1,0,1,1,0,0,0,0,0,0,1,0,0,0,1,1,0,1,0,1,0,1,0,1,1,0,1,1
11,Região Sul,Zona urbana,Entre 18 e 25 anos,Feminino,De 1 a 2 salários mínimos,Ensino superior completo,Raramente,Consumidor ocasional,0.5,Baixa frequência,Moderadamente importante,2,0,1,Baixa prioridade,1,0,0,0,0,0,0,0,0,0,0,0,1,1,1,0,0,0,0,0,1,0,0,0,0,0,0,0,0,1,0
12,Região Sul,Zona urbana,Entre 26 e 35 anos,Feminino,De 1 a 2 salários mínimos,Ensino superior completo,Raramente,Apreciador técnico,0.5,Baixa frequência,Muito importante,3,1,3,Potencial sustentável,0,0,1,0,0,1,1,1,0,1,0,0,0,1,0,1,0,1,0,0,1,0,0,1,1,0,0,1,1,1,0
13,Região Sul,Zona urbana,Entre 36 e 45 anos,Feminino,De 1 a 2 salários mínimos,Ensino superior incompleto,Raramente,Consumidor ocasional,0.5,Baixa frequência,Muito importante,3,1,1,Potencial sustentável,0,0,0,0,0,0,1,0,0,0,0,0,0,1,0,1,0,0,0,0,0,0,0,0,0,0,0,0,0,1,0
14,Região Sul,Zona urbana,Entre 26 e 35 anos,Feminino,De 3 a 4 salários mínimos,Ensino superior completo,1 vez a cada 15 dias,Apreciador interessado,2.0,Frequência moderada,Extremamente importante,4,1,2,Potencial sustentável,0,0,0,1,0,1,0,1,0,1,0,0,1,1,1,0,0,1,0,0,1,1,0,1,0,0,0,1,1,1,0
15,Região Sul,Zona urbana,Entre 36 e 45 anos,Feminino,De 3 a 4 salários mínimos,Pós-graduação completa,1 vez por semana,Consumidor ocasional,4.3,Alta frequência,Muito importante,3,1,1,Alta prioridade,0,0,0,0,0,0,1,0,0,0,0,0,0,1,0,0,0,1,0,0,0,0,0,0,0,0,0,0,0,1,0
16,Região Sul,Zona urbana,Entre 46 e 55 anos,Feminino,De 5 a 6 salários mínimos,Pós-graduação completa,1 vez por mês,Consumidor ocasional,1.0,Frequência moderada,Extremamente importante,4,1,1,Potencial sustentável,0,1,0,1,0,1,0,1,0,0,1,1,0,1,1,1,1,1,1,1,1,1,1,1,1,1,1,1,1,1,1
17,Região Sul,Zona urbana,Entre 26 e 35 anos,Feminino,De 1 a 2 salários mínimos,Pós-graduação completa,De 2 a 3 vezes por semana,Apreciador interessado,10.8,Alta frequência,Extremamente importante,4,1,2,Alta prioridade,0,1,0,1,0,1,0,1,0,0,0,1,0,1,1,0,1,1,0,0,1,1,0,0,1,0,1,1,1,1,1
18,Região Sul,Zona urbana,Entre 18 e 25 anos,Feminino,De 1 a 2 salários mínimos,Pós-graduação incompleta,1 vez por mês,Consumidor ocasional,1.0,Frequência moderada,Extremamente importante,4,1,1,Potencial sustentável,0,0,0,0,0,0,1,0,0,0,0,0,0,1,1,0,1,1,1,0,0,0,0,0,0,0,0,0,1,1,0
19,Região Sul,Zona urbana,Acima de 55 anos,Masculino,Acima de 6 salários mínimos,Ensino superior completo,1 vez por mês,Consumidor ocasional,1.0,Frequência moderada,Muito importante,3,1,1,Potencial sustentável,0,0,0,0,0,0,1,0,0,0,0,0,0,1,0,0,0,0,0,0,1,0,0,0,0,0,0,0,0,1,0
20,Região Sul,Zona urbana,Entre 46 e 55 anos,Masculino,De 5 a 6 salários mínimos,Pós-graduação completa,1 vez por mês,Apreciador interessado,1.0,Frequência moderada,Extremamente importante,4,1,2,Potencial sustentável,0,1,1,1,0,1,0,1,0,0,0,1,0,1,1,1,1,1,1,1,0,0,0,1,1,0,1,1,1,0,1
21,Região Norte,Zona urbana,Entre 26 e 35 anos,Masculino,De 5 a 6 salários mínimos,Pós-graduação completa,1 vez por semana,Apreciador técnico,4.3,Alta frequência,Muito importante,3,1,3,Alta prioridade,0,0,0,0,0,0,0,1,0,0,0,0,0,1,0,1,0,0,0,0,0,0,0,0,0,0,0,0,0,1,1
22,Região Sul,Zona urbana,Entre 26 e 35 anos,Feminino,De 1 a 2 salários mínimos,Pós-graduação incompleta,De 2 a 3 vezes por semana,Apreciador técnico,10.8,Alta frequência,Moderadamente importante,2,0,3,Consumidor frequente tradicional,0,1,0,1,1,1,0,1,0,1,0,1,0,1,1,0,0,1,0,0,0,1,1,1,0,1,1,0,1,1,0
23,Região Sul,Zona urbana,Entre 36 e 45 anos,Masculino,De 1 a 2 salários mínimos,Pós-graduação incompleta,1 vez por mês,Apreciador interessado,1.0,Frequência moderada,Extremamente importante,4,1,2,Potencial sustentável,0,0,0,1,0,0,0,1,0,0,0,0,0,1,0,1,0,0,0,0,1,0,1,1,1,0,0,1,0,1,0
24,Região Sul,Zona urbana,Entre 26 e 35 anos,Feminino,De 1 a 2 salários mínimos,Pós-graduação incompleta,1 vez por mês,Apreciador interessado,1.0,Frequência moderada,Muito importante,3,1,2,Potencial sustentável,0,1,1,1,0,1,0,1,0,0,0,0,0,1,0,0,0,1,0,0,1,1,1,0,0,0,1,0,0,0,1
25,Região Sudeste,Zona urbana,Entre 36 e 45 anos,Feminino,Acima de 6 salários mínimos,Pós-graduação completa,1 vez por semana,Consumidor ocasional,4.3,Alta frequência,Moderadamente importante,2,0,1,Consumidor frequente tradicional,0,1,0,0,0,1,0,1,0,0,1,1,0,1,0,0,0,1,0,0,0,0,0,0,1,1,1,1,0,1,0
26,Região Sul,Zona urbana,Entre 36 e 45 anos,Feminino,Acima de 6 salários mínimos,Pós-graduação completa,1 vez por semana,Profissional do setor,4.3,Alta frequência,Muito importante,3,1,4,Alta prioridade,0,1,0,1,1,1,0,1,0,1,1,1,1,1,1,0,0,1,0,0,0,1,1,0,1,0,0,1,0,0,1
27,Região Sudeste,Zona urbana,Entre 26 e 35 anos,Feminino,De 1 a 2 salários mínimos,Pós-graduação incompleta,1 vez por semana,Apreciador interessado,4.3,Alta frequência,Extremamente importante,4,1,2,Alta prioridade,0,1,0,0,0,1,0,1,0,0,0,0,1,1,0,0,0,1,1,1,0,0,1,0,1,0,0,1,1,1,1
28,Região Sudeste,Zona urbana,Entre 26 e 35 anos,Feminino,De 3 a 4 salários mínimos,Pós-graduação completa,1 vez a cada 15 dias,Consumidor ocasional,2.0,Frequência moderada,Extremamente importante,4,1,1,Potencial sustentável,0,0,1,1,0,0,0,1,0,0,1,0,0,1,0,0,0,1,1,0,1,1,0,0,1,0,1,1,1,0,1
29,Região Sudeste,Zona urbana,Entre 36 e 45 anos,Feminino,Acima de 6 salários mínimos,Ensino superior completo,1 vez por semana,Apreciador interessado,4.3,Alta frequência,Extremamente importante,4,1,2,Alta prioridade,0,0,1,0,0,1,0,1,0,0,1,0,0,0,0,0,0,0,0,0,0,0,0,1,1,0,1,0,0,1,0
30,Região Sul,Zona rural,Entre 26 e 35 anos,Feminino,De 5 a 6 salários mínimos,Pós-graduação completa,1 vez a cada 15 dias,Consumidor ocasional,2.0,Frequência moderada,Moderadamente importante,2,0,1,Baixa prioridade,0,1,0,1,0,0,0,1,0,0,1,1,0,0,0,1,0,0,0,0,1,1,1,0,0,0,1,1,1,1,0
31,Região Sul,Zona urbana,Entre 36 e 45 anos,Masculino,De 3 a 4 salários mínimos,Pós-graduação completa,De 4 a 6 vezes por semana,Profissional do setor,21.5,Alta frequência,Extremamente importante,4,1,4,Alta prioridade,0,0,0,1,1,1,0,1,0,1,0,0,0,1,1,0,1,1,1,0,0,1,1,1,0,0,0,1,1,1,0
32,Região Sudeste,Zona urbana,Entre 26 e 35 anos,Feminino,De 3 a 4 salários mínimos,Pós-graduação incompleta,Raramente,Consumidor ocasional,0.5,Baixa frequência,Pouco importante,1,0,1,Baixa prioridade,0,1,0,0,0,0,0,0,0,1,0,0,1,0,0,0,0,0,0,0,0,0,1,0,1,0,1,0,0,0,0
33,Região Sul,Zona urbana,Entre 26 e 35 anos,Feminino,De 1 a 2 salários mínimos,Pós-graduação completa,1 vez por mês,Apreciador interessado,1.0,Frequência moderada,Muito importante,3,1,2,Potencial sustentável,0,1,0,1,0,0,0,1,0,0,1,1,0,1,1,0,1,1,1,0,1,0,1,0,1,0,0,0,1,1,0
34,Região Sul,Zona urbana,Entre 46 e 55 anos,Feminino,De 5 a 6 salários mínimos,Ensino superior completo,De 2 a 3 vezes por semana,Apreciador interessado,10.8,Alta frequência,Muito importante,3,1,2,Alta prioridade,0,0,0,0,0,0,0,1,0,0,1,0,0,0,0,1,0,0,0,0,0,0,0,0,0,0,0,0,0,1,0
35,Região Sul,Zona urbana,Entre 36 e 45 anos,Feminino,De 3 a 4 salários mínimos,Pós-graduação completa,1 vez a cada 15 dias,Apreciador técnico,2.0,Frequência moderada,Muito importante,3,1,3,Potencial sustentável,0,1,0,1,0,1,0,1,0,1,1,1,0,1,1,1,0,1,1,0,1,1,1,1,1,1,0,1,1,1,0
36,Região Sul,Zona urbana,Acima de 55 anos,Masculino,Acima de 6 salários mínimos,Pós-graduação completa,De 2 a 3 vezes por semana,Apreciador interessado,10.8,Alta frequência,Muito importante,3,1,2,Alta prioridade,0,0,0,0,0,0,0,1,0,1,1,1,0,1,1,0,1,1,1,1,1,0,1,1,0,0,0,0,1,1,1
37,Região Centro-Oeste,Zona urbana,Entre 26 e 35 anos,Feminino,De 1 a 2 salários mínimos,Ensino superior incompleto,1 vez por mês,Consumidor ocasional,1.0,Frequência moderada,Muito importante,3,1,1,Potencial sustentável,0,0,0,0,0,1,1,1,0,0,0,0,0,1,0,0,0,1,0,0,0,1,0,1,0,0,1,0,0,1,0
38,Região Nordeste,Zona urbana,Entre 26 e 35 anos,Feminino,De 3 a 4 salários mínimos,Pós-graduação incompleta,Raramente,Consumidor ocasional,0.5,Baixa frequência,Extremamente importante,4,1,1,Potencial sustentável,0,0,0,0,0,0,0,1,0,0,0,0,0,1,1,0,0,1,1,0,0,0,0,0,1,0,1,0,1,1,1
39,Região Sul,Zona urbana,Entre 26 e 35 anos,Feminino,De 3 a 4 salários mínimos,Pós-graduação completa,Raramente,Consumidor ocasional,0.5,Baixa frequência,Muito importante,3,1,1,Potencial sustentável,0,0,0,1,1,0,1,0,0,0,0,0,0,1,0,0,0,1,0,0,1,0,0,0,1,0,0,0,0,1,0
40,Região Sudeste,Zona urbana,Entre 36 e 45 anos,Masculino,De 3 a 4 salários mínimos,Pós-graduação completa,Raramente,Consumidor ocasional,0.5,Baixa frequência,Extremamente importante,4,1,1,Potencial sustentável,0,1,0,1,0,1,0,1,0,0,0,0,1,1,0,0,0,0,0,0,0,1,0,0,0,0,0,1,1,1,1
41,Região Sul,Zona urbana,Entre 46 e 55 anos,Feminino,De 1 a 2 salários mínimos,Ensino médio completo,1 vez por mês,Consumidor ocasional,1.0,Frequência moderada,Muito importante,3,1,1,Potencial sustentável,0,0,0,1,0,0,0,0,0,0,0,0,0,1,0,0,0,0,0,0,0,0,0,1,0,0,0,0,0,0,1
42,Região Nordeste,Zona urbana,Entre 26 e 35 anos,Feminino,De 1 a 2 salários mínimos,Pós-graduação incompleta,1 vez por mês,Apreciador interessado,1.0,Frequência moderada,Extremamente importante,4,1,2,Potencial sustentável,0,1,0,0,0,0,1,0,0,0,0,0,0,1,1,1,1,0,0,1,0,0,1,0,1,1,0,1,0,1,1
43,Região Sul,Zona urbana,Entre 36 e 45 anos,Feminino,Acima de 6 salários mínimos,Pós-graduação completa,De 4 a 6 vezes por semana,Profissional do setor,21.5,Alta frequência,Muito importante,3,1,4,Alta prioridade,0,1,0,1,0,0,0,1,0,0,1,1,0,1,1,1,0,1,0,0,1,1,0,0,0,1,0,0,0,1,1
44,Região Sul,Zona urbana,Entre 36 e 45 anos,Masculino,Acima de 6 salários mínimos,Pós-graduação completa,1 vez por semana,Apreciador técnico,4.3,Alta frequência,Moderadamente importante,2,0,3,Consumidor frequente tradicional,0,1,0,1,0,0,0,1,0,1,1,0,0,1,0,0,0,0,0,0,0,1,1,1,0,0,1,0,0,1,1
45,Região Sudeste,Zona urbana,Entre 36 e 45 anos,Masculino,Acima de 6 salários mínimos,Pós-graduação completa,De 2 a 3 vezes por semana,Profissional do setor,10.8,Alta frequência,Moderadamente importante,2,0,4,Consumidor frequente tradicional,0,1,1,1,1,1,0,1,0,1,1,1,0,0,0,0,0,1,0,0,1,1,1,1,0,0,1,0,0,1,1
46,Região Sul,Zona urbana,Entre 46 e 55 anos,Masculino,Acima de 6 salários mínimos,Pós-graduação completa,1 vez por mês,Apreciador interessado,1.0,Frequência moderada,Extremamente importante,4,1,2,Potencial sustentável,0,0,0,1,0,1,0,1,0,0,0,1,0,1,0,0,0,1,1,0,1,1,1,0,0,0,1,0,1,1,0
47,Região Sul,Zona urbana,Entre 46 e 55 anos,Feminino,Acima de 6 salários mínimos,Pós-graduação completa,1 vez por semana,Apreciador interessado,4.3,Alta frequência,Moderadamente importante,2,0,2,Consumidor frequente tradicional,0,1,0,1,0,1,0,1,0,0,0,0,0,1,1,0,0,0,1,0,1,1,0,0,0,0,1,0,1,1,0
48,Região Sul,Zona urbana,Entre 46 e 55 anos,Feminino,Acima de 6 salários mínimos,Pós-graduação completa,1 vez por semana,Profissional do setor,4.3,Alta frequência,Extremamente importante,4,1,4,Alta prioridade,0,1,0,1,1,1,0,1,0,1,1,0,1,1,0,0,0,1,1,0,0,1,1,1,1,0,0,0,0,1,1
49,Região Sul,Zona urbana,Entre 36 e 45 anos,Feminino,Acima de 6 salários mínimos,Pós-graduação completa,De 2 a 3 vezes por semana,Profissional do setor,10.8,Alta frequência,Extremamente importante,4,1,4,Alta prioridade,0,1,0,1,0,1,0,1,0,1,1,0,1,1,1,1,1,1,1,0,0,1,1,1,1,0,1,0,1,1,1
50,Região Sul,Zona urbana,Entre 18 e 25 anos,Feminino,De 3 a 4 salários mínimos,Pós-graduação completa,1 vez por mês,Consumidor ocasional,1.0,Frequência moderada,Muito importante,3,1,1,Potencial sustentável,0,0,0,1,0,1,1,0,0,0,0,0,0,1,0,1,0,1,0,0,0,0,0,1,1,0,1,0,0,1,0
51,Região Sul,Zona urbana,Entre 18 e 25 anos,Feminino,De 1 a 2 salários mínimos,Pós-graduação incompleta,Raramente,Consumidor ocasional,0.5,Baixa frequência,Muito importante,3,1,1,Potencial sustentável,0,0,0,0,0,1,1,0,0,0,0,0,0,1,1,0,0,1,1,0,1,0,1,0,1,0,0,1,0,1,1
52,Região Sul,Zona urbana,Entre 26 e 35 anos,Feminino,De 3 a 4 salários mínimos,Ensino superior completo,1 vez por semana,Apreciador interessado,4.3,Alta frequência,Extremamente importante,4,1,2,Alta prioridade,0,1,1,1,0,0,1,1,0,0,0,0,1,1,1,1,1,0,0,0,1,1,0,0,1,1,0,0,1,1,1
53,Região Norte,Zona urbana,Entre 46 e 55 anos,Feminino,De 5 a 6 salários mínimos,Pós-graduação completa,1 vez por mês,Consumidor ocasional,1.0,Frequência moderada,Extremamente importante,4,1,1,Potencial sustentável,0,0,0,0,0,0,1,0,0,0,1,0,0,0,0,0,0,0,0,0,1,0,0,0,0,0,0,0,0,1,0
54,Região Sul,Zona rural,Entre 26 e 35 anos,Feminino,De 5 a 6 salários mínimos,Pós-graduação completa,Raramente,Consumidor ocasional,0.5,Baixa frequência,Muito importante,3,1,1,Potencial sustentável,0,0,0,0,0,1,1,0,0,0,1,0,0,1,1,1,0,1,0,0,0,1,1,0,1,0,0,1,1,1,0
55,Região Sudeste,Zona urbana,Entre 36 e 45 anos,Feminino,De 3 a 4 salários mínimos,Pós-graduação completa,1 vez a cada 15 dias,Consumidor ocasional,2.0,Frequência moderada,Muito importante,3,1,1,Potencial sustentável,0,0,1,1,0,0,0,1,0,0,0,0,1,1,0,0,0,1,1,0,0,0,1,0,0,0,0,1,1,1,0
56,Região Sul,Zona urbana,Entre 36 e 45 anos,Feminino,Acima de 6 salários mínimos,Pós-graduação completa,1 vez por mês,Consumidor ocasional,1.0,Frequência moderada,Moderadamente importante,2,0,1,Baixa prioridade,0,1,0,1,0,1,0,0,0,1,0,0,0,1,1,1,0,0,0,0,1,0,0,0,0,0,0,0,0,1,1
57,Região Sul,Zona urbana,Entre 26 e 35 anos,Feminino,De 3 a 4 salários mínimos,Pós-graduação completa,De 2 a 3 vezes por semana,Profissional do setor,10.8,Alta frequência,Extremamente importante,4,1,4,Alta prioridade,0,1,0,1,0,0,0,1,0,0,1,0,0,1,0,0,0,1,1,0,0,1,1,1,0,0,0,0,0,1,1
58,Região Sul,Zona urbana,Entre 26 e 35 anos,Masculino,Menos de 1 salário mínimo,Ensino superior completo,De 2 a 3 vezes por semana,Profissional do setor,10.8,Alta frequência,Moderadamente importante,2,0,4,Consumidor frequente tradicional,1,0,0,0,0,0,0,0,0,1,1,0,0,1,1,0,0,1,1,1,1,1,1,1,1,0,0,0,1,1,1
59,Região Sul,Zona urbana,Entre 26 e 35 anos,Masculino,De 3 a 4 salários mínimos,Ensino superior completo,Raramente,Consumidor ocasional,0.5,Baixa frequência,Pouco importante,1,0,1,Baixa prioridade,0,1,1,1,0,1,0,1,0,0,0,0,0,1,1,0,0,1,1,0,1,0,0,1,0,1,0,0,1,1,0
60,Região Sul,Zona urbana,Entre 26 e 35 anos,Feminino,De 3 a 4 salários mínimos,Pós-graduação completa,1 vez a cada 15 dias,Apreciador técnico,2.0,Frequência moderada,Muito importante,3,1,3,Potencial sustentável,0,1,1,1,0,1,0,1,0,1,1,1,0,1,1,1,0,1,1,0,1,1,1,1,1,0,1,1,0,1,1
61,Região Sul,Zona urbana,Entre 26 e 35 anos,Feminino,Acima de 6 salários mínimos,Pós-graduação completa,1 vez por semana,Apreciador interessado,4.3,Alta frequência,Muito importante,3,1,2,Alta prioridade,0,1,0,0,0,1,0,1,0,0,1,0,0,1,1,1,0,1,0,0,1,0,1,0,0,0,0,0,1,1,0
62,Região Sudeste,Zona urbana,Entre 36 e 45 anos,Masculino,Acima de 6 salários mínimos,Pós-graduação completa,De 2 a 3 vezes por semana,Apreciador técnico,10.8,Alta frequência,Muito importante,3,1,3,Alta prioridade,0,1,0,0,0,1,0,1,0,1,1,1,0,1,0,1,1,1,0,0,1,0,1,0,1,0,0,1,0,1,1
63,Região Sudeste,Zona urbana,Entre 36 e 45 anos,Feminino,Acima de 6 salários mínimos,Pós-graduação incompleta,1 vez por semana,Apreciador técnico,4.3,Alta frequência,Muito importante,3,1,3,Alta prioridade,0,1,0,1,0,1,0,1,0,0,1,1,0,1,1,1,0,1,0,0,0,1,1,1,1,1,1,1,0,1,1
64,Região Sudeste,Zona urbana,Entre 18 e 25 anos,Feminino,Prefiro não responder,Pós-graduação incompleta,Raramente,Consumidor ocasional,0.5,Baixa frequência,Muito importante,3,1,1,Potencial sustentável,0,0,0,1,0,1,1,0,0,0,1,0,1,1,1,1,0,1,0,0,1,0,1,0,1,0,0,0,0,1,1
65,Região Sul,Zona urbana,Entre 36 e 45 anos,Masculino,Acima de 6 salários mínimos,Pós-graduação completa,De 4 a 6 vezes por semana,Profissional do setor,21.5,Alta frequência,Muito importante,3,1,4,Alta prioridade,0,1,0,1,0,1,0,1,0,0,1,1,0,1,0,0,0,1,0,0,0,0,1,0,0,0,0,0,1,1,0
66,Região Sul,Zona rural,Entre 18 e 25 anos,Feminino,De 1 a 2 salários mínimos,Ensino superior completo,De 2 a 3 vezes por semana,Profissional do setor,10.8,Alta frequência,Muito importante,3,1,4,Alta prioridade,0,1,0,1,0,1,0,1,0,1,0,0,0,0,1,0,0,0,0,0,0,1,1,1,0,1,1,0,0,1,0
67,Região Sul,Zona urbana,Entre 26 e 35 anos,Masculino,De 3 a 4 salários mínimos,Pós-graduação incompleta,1 vez por mês,Apreciador interessado,1.0,Frequência moderada,Extremamente importante,4,1,2,Potencial sustentável,0,0,0,0,0,1,0,1,0,0,0,0,0,1,1,1,1,1,1,1,1,1,1,1,0,1,0,1,1,1,1
68,Região Sul,Zona urbana,Entre 18 e 25 anos,Feminino,Prefiro não responder,Ensino médio completo,1 vez a cada 15 dias,Consumidor ocasional,2.0,Frequência moderada,Extremamente importante,4,1,1,Potencial sustentável,0,0,0,0,0,1,1,0,0,0,0,0,0,1,0,0,0,1,1,0,1,1,0,0,1,0,0,1,1,1,0
69,Região Sudeste,Zona urbana,Acima de 55 anos,Masculino,Acima de 6 salários mínimos,Pós-graduação completa,1 vez por semana,Apreciador interessado,4.3,Alta frequência,Muito importante,3,1,2,Alta prioridade,0,0,0,0,0,0,0,1,0,0,0,0,0,1,0,1,1,1,1,0,1,0,1,0,1,0,0,0,1,1,0
70,Região Sul,Zona urbana,Entre 36 e 45 anos,Masculino,De 3 a 4 salários mínimos,Ensino superior completo,1 vez a cada 15 dias,Apreciador técnico,2.0,Frequência moderada,Muito importante,3,1,3,Potencial sustentável,0,0,0,0,0,0,0,1,0,0,0,1,0,1,0,1,0,1,1,0,0,0,1,0,1,0,0,0,1,1,0
71,Região Sudeste,Zona urbana,Entre 46 e 55 anos,Masculino,De 3 a 4 salários mínimos,Pós-graduação completa,Raramente,Consumidor ocasional,0.5,Baixa frequência,Muito importante,3,1,1,Potencial sustentável,0,0,0,0,0,0,1,0,0,0,0,0,0,1,0,0,0,1,0,0,1,0,0,0,1,0,0,1,1,1,0
72,Região Sul,Zona urbana,Entre 46 e 55 anos,Feminino,Acima de 6 salários mínimos,Pós-graduação completa,De 2 a 3 vezes por semana,Apreciador técnico,10.8,Alta frequência,Extremamente importante,4,1,3,Alta prioridade,0,1,1,1,1,1,0,1,0,1,0,0,1,1,1,0,1,1,1,1,0,1,1,1,1,0,0,1,0,0,1
73,Região Sudeste,Zona urbana,Acima de 55 anos,Feminino,Acima de 6 salários mínimos,Pós-graduação completa,1 vez por semana,Apreciador técnico,4.3,Alta frequência,Extremamente importante,4,1,3,Alta prioridade,0,1,0,1,0,0,0,1,0,1,1,0,1,1,1,1,0,1,1,0,1,1,1,1,1,0,0,1,1,1,1
74,Região Sul,Zona urbana,Entre 26 e 35 anos,Feminino,De 3 a 4 salários mínimos,Pós-graduação completa,1 vez por semana,Apreciador interessado,4.3,Alta frequência,Extremamente importante,4,1,2,Alta prioridade,0,0,0,1,0,1,0,1,0,0,0,0,1,1,0,0,0,1,0,0,1,0,1,0,0,0,1,1,0,1,1
75,Região Sudeste,Zona urbana,Entre 26 e 35 anos,Feminino,De 3 a 4 salários mínimos,Ensino superior completo,1 vez por semana,Apreciador técnico,4.3,Alta frequência,Extremamente importante,4,1,3,Alta prioridade,0,1,0,0,0,1,0,0,0,0,1,0,0,1,1,0,1,0,1,0,1,0,0,0,1,0,1,0,1,1,0
76,Região Sul,Zona urbana,Entre 36 e 45 anos,Feminino,Acima de 6 salários mínimos,Pós-graduação completa,1 vez a cada 15 dias,Apreciador interessado,2.0,Frequência moderada,Muito importante,3,1,2,Potencial sustentável,0,1,0,1,0,1,0,1,0,0,1,0,0,0,0,0,0,1,1,0,1,1,1,1,0,0,1,0,0,1,1
77,Região Sul,Zona urbana,Entre 36 e 45 anos,Feminino,De 3 a 4 salários mínimos,Ensino médio completo,1 vez por semana,Apreciador interessado,4.3,Alta frequência,Extremamente importante,4,1,2,Alta prioridade,0,0,1,1,0,1,0,1,0,1,1,0,1,1,0,1,1,1,1,0,1,1,1,1,1,0,1,0,1,1,0
78,Região Centro-Oeste,Zona urbana,Entre 26 e 35 anos,Feminino,De 3 a 4 salários mínimos,Pós-graduação completa,Raramente,Consumidor ocasional,0.5,Baixa frequência,Extremamente importante,4,1,1,Potencial sustentável,0,1,1,1,0,1,1,1,0,0,0,0,0,1,0,1,0,1,1,0,1,0,0,0,1,0,0,1,1,0,0
79,Região Sul,Zona urbana,Entre 18 e 25 anos,Feminino,De 1 a 2 salários mínimos,Ensino superior incompleto,1 vez a cada 15 dias,Consumidor ocasional,2.0,Frequência moderada,Extremamente importante,4,1,1,Potencial sustentável,0,0,1,0,0,1,1,0,0,0,0,0,0,1,1,1,1,1,0,0,1,0,0,0,1,0,1,0,1,1,1
80,Região Sudeste,Zona urbana,Acima de 55 anos,Masculino,Acima de 6 salários mínimos,Ensino superior completo,De 4 a 6 vezes por semana,Consumidor ocasional,21.5,Alta frequência,Muito importante,3,1,1,Alta prioridade,0,0,1,1,0,0,0,1,0,0,1,0,0,1,0,0,0,1,1,0,0,0,1,0,0,0,0,0,0,1,0
81,Região Sul,Zona urbana,Entre 26 e 35 anos,Feminino,De 1 a 2 salários mínimos,Pós-graduação incompleta,1 vez por mês,Consumidor ocasional,1.0,Frequência moderada,Extremamente importante,4,1,1,Potencial sustentável,0,1,0,1,0,1,1,1,0,0,0,1,1,0,1,1,1,1,0,0,1,0,0,0,1,0,0,1,1,1,1
82,Região Sul,Zona rural,Entre 26 e 35 anos,Feminino,De 3 a 4 salários mínimos,Pós-graduação incompleta,Raramente,Consumidor ocasional,0.5,Baixa frequência,Extremamente importante,4,1,1,Potencial sustentável,0,0,0,1,0,0,1,0,0,0,1,0,0,1,1,1,1,1,0,0,1,0,0,0,0,1,0,1,0,1,1
83,Região Sul,Zona urbana,Entre 26 e 35 anos,Feminino,De 3 a 4 salários mínimos,Pós-graduação incompleta,1 vez por semana,Apreciador interessado,4.3,Alta frequência,Extremamente importante,4,1,2,Alta prioridade,0,1,0,0,0,1,0,1,0,0,1,0,0,1,1,1,1,1,1,0,0,1,1,0,1,0,1,1,1,1,1
84,Região Sul,Zona urbana,Entre 46 e 55 anos,Feminino,Acima de 6 salários mínimos,Pós-graduação completa,1 vez por semana,Profissional do setor,4.3,Alta frequência,Muito importante,3,1,4,Alta prioridade,0,1,1,1,1,1,0,1,0,1,1,1,1,1,0,0,0,1,1,0,0,1,1,1,0,0,0,0,0,1,0
85,Região Sudeste,Zona urbana,Entre 26 e 35 anos,Masculino,De 1 a 2 salários mínimos,Ensino superior incompleto,1 vez por semana,Apreciador interessado,4.3,Alta frequência,Extremamente importante,4,1,2,Alta prioridade,0,1,1,1,0,0,0,1,0,0,1,1,1,1,1,0,0,1,1,0,1,0,0,0,0,0,0,0,1,1,0
86,Região Sul,Zona urbana,Entre 36 e 45 anos,Feminino,De 1 a 2 salários mínimos,Ensino superior incompleto,1 vez por semana,Apreciador interessado,4.3,Alta frequência,Extremamente importante,4,1,2,Alta prioridade,0,0,1,1,0,1,0,1,0,1,0,0,0,1,0,1,0,1,1,0,0,1,1,1,1,1,1,1,1,1,1
87,Região Sul,Zona urbana,Entre 46 e 55 anos,Feminino,Acima de 6 salários mínimos,Pós-graduação completa,1 vez por semana,Apreciador interessado,4.3,Alta frequência,Muito importante,3,1,2,Alta prioridade,0,0,0,1,0,1,0,1,0,1,1,1,1,1,1,0,0,1,0,0,0,0,1,1,1,0,0,0,1,1,0
88,Região Sul,Zona urbana,Entre 18 e 25 anos,Masculino,De 3 a 4 salários mínimos,Ensino superior incompleto,Raramente,Consumidor ocasional,0.5,Baixa frequência,Extremamente importante,4,1,1,Potencial sustentável,0,0,0,0,0,0,1,0,0,0,0,0,0,1,0,1,0,1,0,0,0,0,0,0,0,0,0,0,0,1,1
89,Região Sudeste,Zona urbana,Entre 26 e 35 anos,Feminino,De 1 a 2 salários mínimos,Pós-graduação incompleta,1 vez a cada 15 dias,Apreciador técnico,2.0,Frequência moderada,Moderadamente importante,2,0,3,Baixa prioridade,0,1,0,0,0,1,1,1,0,0,0,0,0,1,1,1,1,1,0,0,1,0,0,0,1,0,0,1,1,1,1
90,Região Sul,Zona urbana,Entre 18 e 25 anos,Feminino,De 1 a 2 salários mínimos,Ensino superior incompleto,1 vez a cada 15 dias,Consumidor ocasional,2.0,Frequência moderada,Extremamente importante,4,1,1,Potencial sustentável,0,0,0,0,0,1,1,0,0,0,0,0,0,1,0,1,0,1,0,0,0,0,0,0,0,0,0,0,1,1,0
91,Região Sudeste,Zona urbana,Entre 46 e 55 anos,Feminino,Acima de 6 salários mínimos,Pós-graduação completa,1 vez a cada 15 dias,Apreciador interessado,2.0,Frequência moderada,Extremamente importante,4,1,2,Potencial sustentável,0,0,0,0,0,0,0,1,0,1,1,1,0,0,0,0,0,1,0,1,0,1,1,1,1,0,1,1,0,1,1
92,Região Sul,Zona urbana,Entre 26 e 35 anos,Feminino,De 1 a 2 salários mínimos,Pós-graduação incompleta,1 vez por mês,Consumidor ocasional,1.0,Frequência moderada,Muito importante,3,1,1,Potencial sustentável,0,1,1,1,0,1,1,1,0,0,0,0,0,1,0,0,1,1,1,0,1,1,1,0,0,1,0,0,1,1,1
93,Região Sul,Zona urbana,Entre 26 e 35 anos,Masculino,Acima de 6 salários mínimos,Pós-graduação completa,1 vez a cada 15 dias,Apreciador interessado,2.0,Frequência moderada,Moderadamente importante,2,0,2,Baixa prioridade,0,0,0,0,0,0,0,1,0,0,0,1,1,1,0,0,1,0,0,0,1,1,1,0,1,0,0,0,0,1,0
94,Região Sul,Zona urbana,Entre 46 e 55 anos,Masculino,De 1 a 2 salários mínimos,Ensino superior incompleto,1 vez por semana,Apreciador interessado,4.3,Alta frequência,Muito importante,3,1,2,Alta prioridade,0,1,0,1,0,1,0,1,0,0,0,1,0,1,1,0,0,1,0,0,1,0,1,1,0,0,0,0,0,1,1
95,Região Sul,Zona rural,Entre 26 e 35 anos,Masculino,De 5 a 6 salários mínimos,Pós-graduação completa,1 vez por mês,Consumidor ocasional,1.0,Frequência moderada,Extremamente importante,4,1,1,Potencial sustentável,0,1,0,0,0,0,1,0,0,0,0,0,0,1,0,0,1,1,0,0,0,0,0,0,1,0,0,1,1,0,0
96,Região Sul,Zona urbana,Entre 26 e 35 anos,Masculino,De 3 a 4 salários mínimos,Pós-graduação incompleta,Raramente,Apreciador técnico,0.5,Baixa frequência,Moderadamente importante,2,0,3,Baixa prioridade,0,0,0,0,0,0,0,1,0,0,0,0,0,1,1,0,0,1,1,0,0,0,1,1,1,1,1,1,1,1,1
97,Região Centro-Oeste,Zona urbana,Entre 18 e 25 anos,Masculino,Prefiro não responder,Pós-graduação completa,Raramente,Consumidor ocasional,0.5,Baixa frequência,Pouco importante,1,0,1,Baixa prioridade,1,0,0,0,0,0,0,0,0,0,0,0,0,1,0,0,0,1,1,0,1,0,0,0,0,0,0,0,1,0,0
98,Região Norte,Zona urbana,Entre 36 e 45 anos,Masculino,Prefiro não responder,Pós-graduação completa,De 2 a 3 vezes por semana,Apreciador técnico,10.8,Alta frequência,Extremamente importante,4,1,3,Alta prioridade,0,1,1,1,1,1,1,1,0,1,1,1,1,1,1,1,0,0,0,1,1,1,1,1,1,1,1,1,0,1,1
99,Região Sul,Zona urbana,Entre 18 e 25 anos,Feminino,De 1 a 2 salários mínimos,Ensino superior completo,Raramente,Apreciador interessado,0.5,Baixa frequência,Extremamente importante,4,1,2,Potencial sustentável,0,1,0,0,0,0,0,0,0,1,0,0,0,1,0,1,0,1,0,0,1,1,1,1,1,0,0,1,0,1,0
100,Região Sul,Zona urbana,Entre 46 e 55 anos,Masculino,Acima de 6 salários mínimos,Pós-graduação completa,De 2 a 3 vezes por semana,Apreciador interessado,10.8,Alta frequência,Moderadamente importante,2,0,2,Consumidor frequente tradicional,0,0,1,0,0,0,0,1,0,0,1,0,0,1,1,0,0,1,1,0,1,0,1,1,0,0,0,0,1,1,0
101,Região Sul,Zona urbana,Entre 46 e 55 anos,Feminino,Acima de 6 salários mínimos,Pós-graduação completa,De 2 a 3 vezes por semana,Apreciador interessado,10.8,Alta frequência,Muito importante,3,1,2,Alta prioridade,0,0,1,1,0,1,1,1,0,0,1,0,0,1,0,0,0,1,1,0,1,1,0,0,0,0,1,0,1,0,1
102,Região Sul,Zona urbana,Entre 26 e 35 anos,Masculino,De 3 a 4 salários mínimos,Pós-graduação completa,1 vez a cada 15 dias,Consumidor ocasional,2.0,Frequência moderada,Muito importante,3,1,1,Potencial sustentável,0,1,0,1,0,0,1,1,0,0,0,0,0,1,0,0,1,1,0,0,1,0,0,0,0,0,0,0,1,1,0
103,Região Sudeste,Zona urbana,Entre 36 e 45 anos,Feminino,Acima de 6 salários mínimos,Ensino superior completo,1 vez por semana,Apreciador interessado,4.3,Alta frequência,Muito importante,3,1,2,Alta prioridade,0,0,0,0,0,0,0,1,0,0,0,1,0,0,0,0,0,1,1,0,1,0,0,0,0,0,0,0,0,1,0
104,Região Sudeste,Zona urbana,Entre 36 e 45 anos,Feminino,Acima de 6 salários mínimos,Pós-graduação completa,1 vez a cada 15 dias,Apreciador interessado,2.0,Frequência moderada,Extremamente importante,4,1,2,Potencial sustentável,0,1,0,0,0,0,0,1,0,0,0,1,0,1,0,0,1,1,1,1,1,1,1,0,0,0,0,1,0,1,1
105,Região Sul,Zona urbana,Entre 46 e 55 anos,Masculino,Acima de 6 salários mínimos,Ensino superior completo,1 vez por semana,Apreciador técnico,4.3,Alta frequência,Extremamente importante,4,1,3,Alta prioridade,0,0,0,0,0,0,0,1,0,0,0,0,0,0,0,1,0,0,0,0,1,1,1,0,0,0,0,0,0,1,0
106,Região Sul,Zona urbana,Entre 26 e 35 anos,Masculino,Acima de 6 salários mínimos,Pós-graduação completa,1 vez por semana,Apreciador interessado,4.3,Alta frequência,Moderadamente importante,2,0,2,Consumidor frequente tradicional,0,1,0,1,0,0,0,1,0,1,1,1,1,1,1,1,1,1,1,0,1,1,1,1,0,0,0,0,1,1,0
107,Região Sul,Zona urbana,Acima de 55 anos,Feminino,Acima de 6 salários mínimos,Pós-graduação completa,1 vez por semana,Apreciador interessado,4.3,Alta frequência,Muito importante,3,1,2,Alta prioridade,0,1,0,1,0,0,0,1,0,0,0,0,0,1,0,0,0,1,0,1,1,1,1,0,0,0,1,1,0,0,1
108,Região Sudeste,Zona urbana,Entre 36 e 45 anos,Feminino,De 3 a 4 salários mínimos,Pós-graduação completa,1 vez por mês,Apreciador interessado,1.0,Frequência moderada,Muito importante,3,1,2,Potencial sustentável,0,1,0,1,0,1,0,1,0,0,0,1,0,1,0,0,0,1,1,0,1,1,1,0,0,0,0,0,1,1,0
109,Região Sul,Zona urbana,Acima de 55 anos,Feminino,De 5 a 6 salários mínimos,Pós-graduação completa,De 2 a 3 vezes por semana,Apreciador interessado,10.8,Alta frequência,Extremamente importante,4,1,2,Alta prioridade,0,1,0,1,0,1,0,1,0,1,0,0,0,1,0,1,0,1,1,0,0,1,1,0,1,0,0,1,1,1,1
110,Região Sul,Zona urbana,Entre 46 e 55 anos,Masculino,Acima de 6 salários mínimos,Pós-graduação incompleta,1 vez por mês,Consumidor ocasional,1.0,Frequência moderada,Extremamente importante,4,1,1,Potencial sustentável,0,1,0,1,0,0,0,1,0,0,0,0,1,1,0,0,0,1,1,1,1,0,1,0,1,0,0,0,1,1,1
111,Região Nordeste,Zona urbana,Entre 26 e 35 anos,Masculino,De 1 a 2 salários mínimos,Pós-graduação completa,Raramente,Consumidor ocasional,0.5,Baixa frequência,Extremamente importante,4,1,1,Potencial sustentável,0,0,0,0,0,0,1,0,0,0,0,0,0,1,1,0,0,1,1,0,1,0,0,0,1,0,0,0,1,1,0
112,Região Sul,Zona urbana,Entre 26 e 35 anos,Feminino,De 3 a 4 salários mínimos,Pós-graduação completa,1 vez por semana,Consumidor ocasional,4.3,Alta frequência,Muito importante,3,1,1,Alta prioridade,0,1,1,1,0,1,1,1,0,0,0,0,0,1,0,0,0,1,1,0,1,0,0,0,1,1,1,1,1,1,1
113,Região Sul,Zona urbana,Entre 26 e 35 anos,Feminino,Menos de 1 salário mínimo,Pós-graduação incompleta,1 vez por semana,Apreciador técnico,4.3,Alta frequência,Muito importante,3,1,3,Alta prioridade,1,0,0,0,0,0,0,0,0,1,0,0,1,1,1,0,1,1,1,1,1,1,1,1,1,0,1,1,0,1,0
114,Região Nordeste,Zona urbana,Entre 26 e 35 anos,Feminino,De 3 a 4 salários mínimos,Ensino superior completo,1 vez por mês,Apreciador interessado,1.0,Frequência moderada,Extremamente importante,4,1,2,Potencial sustentável,0,0,0,1,0,1,1,0,0,1,0,1,0,1,0,1,0,1,0,0,0,0,1,1,0,0,0,0,1,1,1
115,Região Sul,Zona urbana,Entre 26 e 35 anos,Masculino,De 5 a 6 salários mínimos,Pós-graduação completa,1 vez por semana,Apreciador interessado,4.3,Alta frequência,Moderadamente importante,2,0,2,Consumidor frequente tradicional,0,0,0,1,0,0,0,1,0,0,0,0,0,1,1,0,0,1,0,0,0,1,0,0,0,0,1,0,0,1,0
116,Região Sul,Zona urbana,Entre 36 e 45 anos,Feminino,Acima de 6 salários mínimos,Pós-graduação completa,De 2 a 3 vezes por semana,Apreciador interessado,10.8,Alta frequência,Moderadamente importante,2,0,2,Consumidor frequente tradicional,0,1,0,1,0,1,0,1,0,0,1,1,0,1,0,0,0,1,1,0,1,1,1,1,1,0,0,0,1,1,0
117,Região Sul,Zona urbana,Entre 36 e 45 anos,Masculino,Acima de 6 salários mínimos,Pós-graduação completa,De 2 a 3 vezes por semana,Profissional do setor,10.8,Alta frequência,Extremamente importante,4,1,4,Alta prioridade,0,1,0,1,0,1,0,1,0,1,0,1,0,0,1,1,0,1,0,1,1,1,1,1,0,1,1,0,0,1,1
118,Região Sul,Zona urbana,Acima de 55 anos,Masculino,De 5 a 6 salários mínimos,Pós-graduação completa,1 vez por mês,Apreciador interessado,1.0,Frequência moderada,Moderadamente importante,2,0,2,Baixa prioridade,0,1,0,0,1,0,0,1,0,0,1,0,0,1,1,1,0,0,0,0,1,1,1,0,1,0,1,0,1,1,1
119,Região Sudeste,Zona urbana,Entre 36 e 45 anos,Feminino,Acima de 6 salários mínimos,Pós-graduação completa,Raramente,Apreciador interessado,0.5,Baixa frequência,Muito importante,3,1,2,Potencial sustentável,0,1,1,0,0,0,0,1,0,0,1,0,0,1,0,0,0,1,0,0,1,0,1,0,1,0,0,0,0,1,0
120,Região Sudeste,Zona urbana,Entre 26 e 35 anos,Feminino,De 3 a 4 salários mínimos,Pós-graduação incompleta,1 vez a cada 15 dias,Apreciador interessado,2.0,Frequência moderada,Muito importante,3,1,2,Potencial sustentável,0,1,1,0,0,0,0,1,0,0,0,1,0,1,1,1,1,1,1,0,1,0,0,1,1,0,0,1,1,1,1
121,Região Sul,Zona urbana,Entre 36 e 45 anos,Feminino,Acima de 6 salários mínimos,Pós-graduação completa,1 vez por semana,Consumidor ocasional,4.3,Alta frequência,Extremamente importante,4,1,1,Alta prioridade,0,0,0,0,0,0,0,1,0,1,0,1,0,1,0,0,0,1,0,0,0,0,1,0,1,1,0,0,0,1,0
122,Região Sudeste,Zona urbana,Acima de 55 anos,Feminino,Acima de 6 salários mínimos,Pós-graduação completa,De 4 a 6 vezes por semana,Apreciador interessado,21.5,Alta frequência,Muito importante,3,1,2,Alta prioridade,0,1,0,1,0,1,0,1,0,0,0,1,1,1,0,1,0,1,1,0,1,1,1,1,1,0,0,1,1,1,1
123,Região Sul,Zona urbana,Entre 18 e 25 anos,Feminino,De 1 a 2 salários mínimos,Ensino superior incompleto,1 vez a cada 15 dias,Apreciador técnico,2.0,Frequência moderada,Pouco importante,1,0,3,Baixa prioridade,0,1,1,1,0,0,0,1,0,0,0,0,1,1,1,0,1,1,1,0,1,1,0,0,1,0,1,1,1,1,0
124,Região Sul,Zona urbana,Entre 36 e 45 anos,Masculino,Acima de 6 salários mínimos,Pós-graduação completa,1 vez a cada 15 dias,Consumidor ocasional,2.0,Frequência moderada,Extremamente importante,4,1,1,Potencial sustentável,0,1,0,0,0,0,0,1,0,0,1,0,0,1,0,0,0,1,1,0,1,1,0,0,0,0,1,1,1,1,0
125,Região Sul,Zona urbana,Entre 26 e 35 anos,Feminino,De 3 a 4 salários mínimos,Pós-graduação completa,1 vez por semana,Consumidor ocasional,4.3,Alta frequência,Muito importante,3,1,1,Alta prioridade,0,1,1,0,0,1,0,1,0,0,1,0,1,1,0,0,1,1,1,0,1,0,0,0,1,0,0,0,1,1,0
126,Região Sul,Zona urbana,Entre 18 e 25 anos,Masculino,De 3 a 4 salários mínimos,Ensino superior completo,1 vez a cada 15 dias,Apreciador interessado,2.0,Frequência moderada,Extremamente importante,4,1,2,Potencial sustentável,0,1,0,0,0,1,0,1,0,0,0,0,1,0,1,0,0,1,1,0,1,1,0,0,0,0,0,1,0,1,1
127,Região Sul,Zona urbana,Entre 46 e 55 anos,Feminino,De 3 a 4 salários mínimos,Ensino superior completo,Raramente,Consumidor ocasional,0.5,Baixa frequência,Muito importante,3,1,1,Potencial sustentável,0,1,0,0,0,0,0,1,0,0,0,0,0,1,0,0,0,1,0,0,1,1,0,1,1,1,1,1,0,1,1
128,Região Sul,Zona urbana,Entre 26 e 35 anos,Masculino,De 3 a 4 salários mínimos,Ensino superior completo,1 vez por semana,Apreciador interessado,4.3,Alta frequência,Moderadamente importante,2,0,2,Consumidor frequente tradicional,0,1,0,1,1,0,0,1,0,0,1,1,1,1,1,0,1,1,0,0,1,1,1,0,1,0,0,1,1,1,0
129,Região Sul,Zona urbana,Acima de 55 anos,Feminino,De 5 a 6 salários mínimos,Pós-graduação completa,Raramente,Consumidor ocasional,0.5,Baixa frequência,Extremamente importante,4,1,1,Potencial sustentável,1,0,0,0,0,0,0,0,0,0,1,0,0,0,0,0,1,1,0,0,1,1,0,1,0,0,1,0,1,1,0
130,Região Sul,Zona urbana,Entre 18 e 25 anos,Feminino,De 3 a 4 salários mínimos,Ensino superior incompleto,1 vez por mês,Apreciador técnico,1.0,Frequência moderada,Muito importante,3,1,3,Potencial sustentável,0,1,0,1,0,1,0,1,0,1,1,0,1,1,1,0,0,1,0,1,1,1,0,0,0,0,1,0,1,0,0
131,Região Sul,Zona urbana,Entre 46 e 55 anos,Feminino,De 5 a 6 salários mínimos,Ensino superior completo,1 vez por semana,Apreciador interessado,4.3,Alta frequência,Extremamente importante,4,1,2,Alta prioridade,0,1,0,1,0,1,0,0,0,0,0,0,0,1,0,1,0,1,0,0,1,1,1,0,1,0,1,0,1,1,1
132,Região Sul,Zona urbana,Entre 26 e 35 anos,Feminino,De 1 a 2 salários mínimos,Pós-graduação incompleta,1 vez por semana,Consumidor ocasional,4.3,Alta frequência,Extremamente importante,4,1,1,Alta prioridade,0,1,0,1,0,1,0,0,0,0,0,1,1,1,1,0,0,0,0,0,0,1,1,0,0,0,0,0,0,1,1
133,Região Sul,Zona rural,Acima de 55 anos,Masculino,Acima de 6 salários mínimos,Pós-graduação completa,1 vez por semana,Apreciador interessado,4.3,Alta frequência,Muito importante,3,1,2,Alta prioridade,0,0,0,0,0,0,0,1,0,0,1,0,0,1,0,0,0,0,0,0,0,1,0,1,0,0,1,0,0,1,0
134,Região Sudeste,Zona urbana,Entre 18 e 25 anos,Feminino,Menos de 1 salário mínimo,Pós-graduação incompleta,1 vez por mês,Consumidor ocasional,1.0,Frequência moderada,Extremamente importante,4,1,1,Potencial sustentável,0,0,0,0,0,0,1,1,0,0,0,0,1,1,1,0,0,1,1,0,1,0,0,0,0,0,0,1,1,1,0
135,Região Sul,Zona urbana,Entre 36 e 45 anos,Feminino,Acima de 6 salários mínimos,Pós-graduação completa,Raramente,Apreciador interessado,0.5,Baixa frequência,Pouco importante,1,0,2,Baixa prioridade,0,0,0,1,0,0,1,0,0,0,1,0,0,0,0,0,0,1,0,0,0,0,1,0,0,0,0,0,1,1,0
136,Região Sul,Zona urbana,Acima de 55 anos,Masculino,Acima de 6 salários mínimos,Pós-graduação completa,De 2 a 3 vezes por semana,Apreciador interessado,10.8,Alta frequência,Muito importante,3,1,2,Alta prioridade,0,1,0,1,0,0,0,1,0,0,0,1,0,1,0,0,0,1,0,0,1,0,1,0,0,0,0,0,1,1,1
137,Região Sul,Zona urbana,Entre 18 e 25 anos,Masculino,Menos de 1 salário mínimo,Ensino superior incompleto,1 vez por mês,Consumidor ocasional,1.0,Frequência moderada,Extremamente importante,4,1,1,Potencial sustentável,0,0,0,1,0,1,1,0,0,1,0,0,1,1,1,0,1,1,0,0,1,0,0,1,1,0,1,1,1,1,1
138,Região Sul,Zona urbana,Entre 26 e 35 anos,Masculino,Acima de 6 salários mínimos,Pós-graduação completa,Raramente,Consumidor ocasional,0.5,Baixa frequência,Extremamente importante,4,1,1,Potencial sustentável,0,0,0,0,0,0,0,1,0,0,0,0,0,1,0,0,0,0,0,0,0,0,1,0,1,0,0,0,0,0,1
139,Região Sul,Zona urbana,Entre 36 e 45 anos,Masculino,Acima de 6 salários mínimos,Pós-graduação completa,1 vez a cada 15 dias,Apreciador interessado,2.0,Frequência moderada,Extremamente importante,4,1,2,Potencial sustentável,0,1,1,0,0,0,0,1,0,1,0,1,0,0,1,1,0,0,0,0,1,1,1,0,1,1,0,1,0,1,1
140,Região Sul,Zona urbana,Entre 36 e 45 anos,Masculino,De 3 a 4 salários mínimos,Pós-graduação completa,1 vez por semana,Apreciador interessado,4.3,Alta frequência,Extremamente importante,4,1,2,Alta prioridade,0,1,1,1,0,1,0,1,0,0,0,1,1,1,1,0,0,1,0,0,1,1,1,0,1,0,0,1,1,1,1
141,Região Sudeste,Zona urbana,Entre 36 e 45 anos,Feminino,De 5 a 6 salários mínimos,Pós-graduação completa,1 vez a cada 15 dias,Apreciador interessado,2.0,Frequência moderada,Muito importante,3,1,2,Potencial sustentável,0,1,0,1,0,0,0,1,0,0,0,1,0,1,0,0,0,0,1,0,1,1,1,0,1,0,0,1,0,0,1
142,Região Sul,Zona urbana,Entre 36 e 45 anos,Feminino,De 5 a 6 salários mínimos,Pós-graduação completa,1 vez por semana,Apreciador interessado,4.3,Alta frequência,Extremamente importante,4,1,2,Alta prioridade,0,1,0,0,0,1,0,0,0,0,0,1,0,1,0,1,0,0,0,1,1,0,0,0,0,0,0,1,0,1,0
143,Região Sul,Zona urbana,Entre 46 e 55 anos,Masculino,Acima de 6 salários mínimos,Pós-graduação completa,1 vez a cada 15 dias,Apreciador interessado,2.0,Frequência moderada,Extremamente importante,4,1,2,Potencial sustentável,0,0,0,0,0,0,0,1,0,1,1,0,0,0,0,1,0,1,0,0,1,1,1,1,1,1,1,0,0,1,1
144,Região Sul,Zona urbana,Entre 18 e 25 anos,Masculino,De 5 a 6 salários mínimos,Pós-graduação completa,1 vez por semana,Apreciador interessado,4.3,Alta frequência,Extremamente importante,4,1,2,Alta prioridade,0,0,1,0,0,0,0,1,0,1,1,1,0,0,0,1,0,0,1,0,1,0,0,1,0,0,0,0,1,1,1
145,Região Sul,Zona urbana,Acima de 55 anos,Feminino,De 5 a 6 salários mínimos,Pós-graduação completa,1 vez por semana,Apreciador interessado,4.3,Alta frequência,Muito importante,3,1,2,Alta prioridade,0,0,0,0,0,0,0,1,0,0,0,0,0,1,1,0,0,1,0,0,0,1,1,0,1,0,1,0,1,1,0
146,Região Sul,Zona urbana,Acima de 55 anos,Masculino,Acima de 6 salários mínimos,Pós-graduação completa,De 2 a 3 vezes por semana,Consumidor ocasional,10.8,Alta frequência,Extremamente importante,4,1,1,Alta prioridade,0,1,0,0,0,0,0,1,0,0,0,0,1,1,0,0,0,1,0,0,1,0,1,1,1,0,0,1,0,1,1
147,Região Sul,Zona urbana,Acima de 55 anos,Masculino,De 3 a 4 salários mínimos,Pós-graduação completa,1 vez por mês,Apreciador interessado,1.0,Frequência moderada,Extremamente importante,4,1,2,Potencial sustentável,0,1,0,0,0,0,0,0,0,0,1,0,0,0,0,0,0,1,1,1,0,1,0,0,1,0,0,1,1,1,1
148,Região Sudeste,Zona urbana,Entre 46 e 55 anos,Masculino,Acima de 6 salários mínimos,Pós-graduação completa,1 vez por mês,Consumidor ocasional,1.0,Frequência moderada,Extremamente importante,4,1,1,Potencial sustentável,0,0,0,1,0,1,1,0,0,0,0,0,0,1,1,1,1,1,1,0,0,1,0,0,0,0,0,0,1,1,1
149,Região Sul,Zona urbana,Entre 18 e 25 anos,Feminino,Menos de 1 salário mínimo,Ensino superior completo,De 4 a 6 vezes por semana,Apreciador técnico,21.5,Alta frequência,Muito importante,3,1,3,Alta prioridade,0,1,1,1,0,1,0,1,0,1,1,0,0,0,1,1,0,1,1,0,0,1,0,1,1,0,1,1,0,1,0
150,Região Sul,Zona urbana,Entre 36 e 45 anos,Feminino,De 3 a 4 salários mínimos,Pós-graduação completa,1 vez por semana,Apreciador interessado,4.3,Alta frequência,Moderadamente importante,2,0,2,Consumidor frequente tradicional,0,1,1,1,0,1,0,1,0,0,0,0,0,1,1,1,0,1,1,0,0,1,1,0,0,0,1,1,0,1,1
151,Região Sudeste,Zona rural,Acima de 55 anos,Feminino,De 5 a 6 salários mínimos,Pós-graduação completa,1 vez por mês,Consumidor ocasional,1.0,Frequência moderada,Muito importante,3,1,1,Potencial sustentável,0,0,1,1,0,0,0,1,0,0,0,0,0,1,0,1,0,0,1,0,1,1,0,0,0,0,0,1,1,1,0
152,Região Sul,Zona urbana,Entre 26 e 35 anos,Feminino,De 3 a 4 salários mínimos,Pós-graduação completa,1 vez a cada 15 dias,Consumidor ocasional,2.0,Frequência moderada,Muito importante,3,1,1,Potencial sustentável,0,1,0,1,0,1,0,1,0,0,0,0,0,1,0,1,1,0,1,1,1,0,0,0,1,0,1,1,1,1,1
153,Região Sul,Zona urbana,Entre 26 e 35 anos,Masculino,De 3 a 4 salários mínimos,Pós-graduação completa,De 2 a 3 vezes por semana,Apreciador técnico,10.8,Alta frequência,Muito importante,3,1,3,Alta prioridade,0,1,0,1,1,1,0,1,0,1,0,0,0,1,1,0,0,1,0,0,0,1,1,1,1,0,1,1,0,1,1
154,Região Sul,Zona urbana,Entre 26 e 35 anos,Feminino,De 5 a 6 salários mínimos,Pós-graduação completa,1 vez por semana,Apreciador interessado,4.3,Alta frequência,Extremamente importante,4,1,2,Alta prioridade,0,0,0,1,0,1,0,1,0,1,0,0,1,1,0,1,0,0,0,0,0,0,0,0,1,0,1,1,0,1,0
155,Região Sul,Zona urbana,Acima de 55 anos,Feminino,De 3 a 4 salários mínimos,Ensino superior incompleto,Diariamente,Apreciador interessado,30.4,Alta frequência,Muito importante,3,1,2,Alta prioridade,0,1,0,0,0,0,1,0,0,0,0,0,1,1,1,0,0,1,0,0,0,1,0,1,0,0,1,0,1,1,0
156,Região Sul,Zona urbana,Acima de 55 anos,Feminino,De 3 a 4 salários mínimos,Ensino superior incompleto,Diariamente,Apreciador interessado,30.4,Alta frequência,Muito importante,3,1,2,Alta prioridade,0,1,0,0,0,0,1,0,0,0,0,0,1,1,1,0,0,1,0,0,0,1,0,1,0,0,1,0,1,1,0
157,Região Sul,Zona urbana,Acima de 55 anos,Feminino,Acima de 6 salários mínimos,Pós-graduação completa,1 vez a cada 15 dias,Consumidor ocasional,2.0,Frequência moderada,Muito importante,3,1,1,Potencial sustentável,0,1,0,0,0,0,0,1,0,0,1,0,0,1,0,0,0,0,1,0,0,1,1,0,0,0,1,1,1,1,1
158,Região Nordeste,Zona urbana,Entre 36 e 45 anos,Feminino,Menos de 1 salário mínimo,Pós-graduação incompleta,Raramente,Consumidor ocasional,0.5,Baixa frequência,Muito importante,3,1,1,Potencial sustentável,0,0,0,0,0,0,1,1,0,0,0,0,0,1,0,1,0,0,0,0,1,1,0,0,0,0,1,0,0,1,0
159,Região Sul,Zona urbana,Entre 26 e 35 anos,Feminino,De 3 a 4 salários mínimos,Ensino superior completo,1 vez a cada 15 dias,Apreciador interessado,2.0,Frequência moderada,Muito importante,3,1,2,Potencial sustentável,0,1,0,1,0,1,0,1,0,1,0,0,0,1,1,1,1,1,0,0,0,1,1,0,1,0,1,0,0,1,0
160,Região Sul,Zona urbana,Entre 26 e 35 anos,Feminino,De 3 a 4 salários mínimos,Pós-graduação completa,Raramente,Consumidor ocasional,0.5,Baixa frequência,Extremamente importante,4,1,1,Potencial sustentável,0,0,0,0,0,0,1,0,0,0,0,0,0,1,0,0,0,1,0,0,1,0,0,0,1,0,0,1,0,0,0
161,Região Sul,Zona urbana,Entre 36 e 45 anos,Feminino,De 5 a 6 salários mínimos,Pós-graduação incompleta,De 2 a 3 vezes por semana,Apreciador interessado,10.8,Alta frequência,Muito importante,3,1,2,Alta prioridade,0,1,0,0,0,1,0,1,0,0,1,0,0,1,0,1,1,1,0,0,0,0,1,0,1,0,0,0,0,1,0
162,Região Sul,Zona urbana,Entre 46 e 55 anos,Feminino,Acima de 6 salários mínimos,Pós-graduação completa,Raramente,Consumidor ocasional,0.5,Baixa frequência,Muito importante,3,1,1,Potencial sustentável,0,0,0,1,0,0,0,1,0,0,0,0,0,1,0,1,0,1,0,0,1,0,0,1,1,0,0,1,0,1,1
163,Região Sudeste,Zona urbana,Entre 26 e 35 anos,Feminino,Acima de 6 salários mínimos,Pós-graduação completa,Raramente,Apreciador interessado,0.5,Baixa frequência,Extremamente importante,4,1,2,Potencial sustentável,0,0,0,1,0,0,1,0,0,1,0,0,0,1,0,1,0,0,1,0,0,0,0,1,1,0,0,1,1,1,1
164,Região Sul,Zona urbana,Entre 46 e 55 anos,Feminino,Acima de 6 salários mínimos,Ensino superior completo,De 2 a 3 vezes por semana,Profissional do setor,10.8,Alta frequência,Moderadamente importante,2,0,4,Consumidor frequente tradicional,0,0,0,1,0,0,0,1,0,1,1,1,1,1,0,0,0,1,0,0,0,1,0,1,0,0,1,0,0,1,0
165,Região Sul,Zona rural,Entre 36 e 45 anos,Feminino,Acima de 6 salários mínimos,Pós-graduação completa,Diariamente,Apreciador interessado,30.4,Alta frequência,Extremamente importante,4,1,2,Alta prioridade,0,1,0,1,0,1,0,1,0,0,0,1,0,1,0,0,0,1,1,0,0,0,1,0,0,0,0,0,1,1,0
166,Região Sul,Zona urbana,Entre 36 e 45 anos,Feminino,Prefiro não responder,Pós-graduação completa,1 vez por semana,Apreciador técnico,4.3,Alta frequência,Extremamente importante,4,1,3,Alta prioridade,0,1,0,1,0,1,0,1,0,1,1,1,0,1,1,1,0,1,1,1,1,0,0,1,0,0,0,0,1,1,1
167,Região Sul,Zona urbana,Entre 46 e 55 anos,Feminino,Acima de 6 salários mínimos,Pós-graduação completa,1 vez por semana,Apreciador técnico,4.3,Alta frequência,Extremamente importante,4,1,3,Alta prioridade,1,0,0,0,0,0,0,0,0,1,1,1,1,1,1,0,0,1,1,0,1,1,1,1,1,0,0,0,1,1,0
168,Região Sul,Zona urbana,Entre 46 e 55 anos,Masculino,Acima de 6 salários mínimos,Pós-graduação completa,Diariamente,Profissional do setor,30.4,Alta frequência,Muito importante,3,1,4,Alta prioridade,0,1,0,1,1,1,0,1,0,1,1,1,0,1,1,0,0,1,1,0,1,0,1,1,1,0,1,0,1,1,0
169,Região Sul,Zona urbana,Entre 36 e 45 anos,Feminino,De 3 a 4 salários mínimos,Pós-graduação completa,1 vez por semana,Apreciador técnico,4.3,Alta frequência,Muito importante,3,1,3,Alta prioridade,0,1,0,0,0,0,0,1,0,0,1,1,0,1,0,0,0,1,0,0,1,0,1,1,1,0,0,0,1,1,0
170,Região Sul,Zona urbana,Entre 36 e 45 anos,Masculino,Acima de 6 salários mínimos,Pós-graduação completa,1 vez por mês,Consumidor ocasional,1.0,Frequência moderada,Muito importante,3,1,1,Potencial sustentável,0,1,1,1,0,1,0,1,0,0,1,0,0,1,1,0,1,1,1,0,1,0,0,0,0,0,0,1,0,0,1
171,Região Sudeste,Zona urbana,Entre 46 e 55 anos,Masculino,Acima de 6 salários mínimos,Pós-graduação completa,Diariamente,Profissional do setor,30.4,Alta frequência,Muito importante,3,1,4,Alta prioridade,0,1,0,1,1,1,0,1,0,1,1,1,0,0,1,0,0,1,1,1,0,1,1,1,0,1,0,1,1,1,1
172,Região Sul,Zona urbana,Entre 46 e 55 anos,Masculino,Acima de 6 salários mínimos,Pós-graduação incompleta,De 2 a 3 vezes por semana,Apreciador interessado,10.8,Alta frequência,Extremamente importante,4,1,2,Alta prioridade,0,0,0,1,0,0,0,1,0,0,1,1,0,0,1,0,0,1,0,0,1,0,1,0,0,0,0,0,1,1,0
173,Região Sul,Zona urbana,Acima de 55 anos,Masculino,Acima de 6 salários mínimos,Ensino superior completo,De 4 a 6 vezes por semana,Apreciador técnico,21.5,Alta frequência,Moderadamente importante,2,0,3,Consumidor frequente tradicional,0,0,0,0,0,0,0,1,0,0,0,0,0,1,0,0,0,1,1,0,0,1,1,0,0,0,0,1,1,1,1
174,Região Sudeste,Zona urbana,Entre 26 e 35 anos,Masculino,De 5 a 6 salários mínimos,Ensino superior completo,Raramente,Apreciador interessado,0.5,Baixa frequência,Moderadamente importante,2,0,2,Baixa prioridade,0,0,1,1,0,0,0,1,1,0,0,1,1,1,1,1,1,1,1,1,1,1,1,1,1,0,0,0,1,1,0
175,Região Sul,Zona urbana,Entre 46 e 55 anos,Masculino,Acima de 6 salários mínimos,Pós-graduação completa,1 vez a cada 15 dias,Apreciador interessado,2.0,Frequência moderada,Muito importante,3,1,2,Potencial sustentável,0,1,0,1,0,1,0,0,0,1,1,0,1,1,0,1,0,1,0,0,1,1,1,0,1,0,1,0,1,1,0
176,Região Sul,Zona urbana,Entre 36 e 45 anos,Masculino,Acima de 6 salários mínimos,Pós-graduação completa,1 vez a cada 15 dias,Apreciador interessado,2.0,Frequência moderada,Moderadamente importante,2,0,2,Baixa prioridade,0,1,0,1,0,1,0,1,0,0,1,1,0,0,1,0,0,1,1,0,1,0,1,0,1,0,0,1,1,1,0
177,Região Sudeste,Zona urbana,Acima de 55 anos,Masculino,Acima de 6 salários mínimos,Ensino superior completo,1 vez por semana,Apreciador técnico,4.3,Alta frequência,Extremamente importante,4,1,3,Alta prioridade,0,1,1,1,1,0,0,1,0,1,0,1,0,1,1,0,1,1,1,0,0,1,1,0,1,0,1,0,1,1,0
178,Região Sudeste,Zona urbana,Entre 36 e 45 anos,Feminino,Acima de 6 salários mínimos,Pós-graduação completa,1 vez por semana,Apreciador técnico,4.3,Alta frequência,Extremamente importante,4,1,3,Alta prioridade,0,1,1,1,0,1,0,1,0,0,0,0,1,1,1,1,0,1,0,0,1,1,1,1,1,0,1,1,1,1,1
179,Região Nordeste,Zona urbana,Entre 46 e 55 anos,Masculino,Acima de 6 salários mínimos,Pós-graduação completa,Raramente,Apreciador interessado,0.5,Baixa frequência,Pouco importante,1,0,2,Baixa prioridade,0,0,1,1,1,0,0,1,0,0,1,1,0,1,1,0,0,0,0,0,0,1,0,1,1,0,1,0,1,0,0
180,Região Sul,Zona urbana,Acima de 55 anos,Masculino,Acima de 6 salários mínimos,Pós-graduação completa,De 2 a 3 vezes por semana,Apreciador interessado,10.8,Alta frequência,Muito importante,3,1,2,Alta prioridade,0,1,0,1,1,0,0,1,0,0,1,0,0,1,0,0,0,0,1,0,1,1,1,0,0,0,1,0,1,1,1
181,Região Sul,Zona urbana,Entre 46 e 55 anos,Masculino,Acima de 6 salários mínimos,Pós-graduação completa,De 4 a 6 vezes por semana,Apreciador técnico,21.5,Alta frequência,Pouco importante,1,0,3,Consumidor frequente tradicional,0,1,0,1,0,0,0,1,0,0,1,1,0,0,0,0,0,0,0,0,0,1,1,0,0,0,1,0,0,1,0
182,Região Sul,Zona urbana,Acima de 55 anos,Masculino,Acima de 6 salários mínimos,Pós-graduação completa,Diariamente,Apreciador técnico,30.4,Alta frequência,Muito importante,3,1,3,Alta prioridade,0,1,0,1,0,1,0,1,0,1,0,0,0,0,0,0,0,1,0,0,1,1,1,1,1,1,1,0,1,1,0
183,Região Sul,Zona urbana,Acima de 55 anos,Masculino,Acima de 6 salários mínimos,Pós-graduação completa,De 2 a 3 vezes por semana,Apreciador técnico,10.8,Alta frequência,Pouco importante,1,0,3,Consumidor frequente tradicional,0,0,0,0,0,0,0,1,0,0,1,1,0,1,1,0,0,1,0,0,0,1,1,1,0,0,1,0,1,1,0
184,Região Sul,Zona urbana,Entre 46 e 55 anos,Feminino,Acima de 6 salários mínimos,Pós-graduação completa,De 4 a 6 vezes por semana,Apreciador interessado,21.5,Alta frequência,Muito importante,3,1,2,Alta prioridade,0,1,0,0,0,0,0,1,0,1,1,1,0,1,0,0,0,1,1,0,0,1,1,1,0,0,1,0,1,0,0
185,Região Nordeste,Zona urbana,Acima de 55 anos,Masculino,Acima de 6 salários mínimos,Pós-graduação completa,De 2 a 3 vezes por semana,Apreciador interessado,10.8,Alta frequência,Moderadamente importante,2,0,2,Consumidor frequente tradicional,0,1,1,1,0,1,0,1,0,0,1,1,0,0,0,0,0,1,0,0,1,1,1,1,1,0,0,1,0,0,1
186,Região Sudeste,Zona urbana,Acima de 55 anos,Feminino,Prefiro não responder,Ensino superior completo,De 2 a 3 vezes por semana,Apreciador técnico,10.8,Alta frequência,Muito importante,3,1,3,Alta prioridade,0,1,0,1,0,0,0,1,0,0,0,0,1,1,0,1,0,1,1,0,1,1,1,1,1,1,1,1,1,1,1
187,Região Sul,Zona urbana,Entre 26 e 35 anos,Prefiro não informar,De 3 a 4 salários mínimos,Pós-graduação completa,1 vez por semana,Apreciador técnico,4.3,Alta frequência,Extremamente importante,4,1,3,Alta prioridade,0,1,0,1,0,1,0,1,0,0,0,0,1,1,0,1,1,1,1,0,1,1,0,0,1,0,1,1,0,1,1
188,Região Sul,Zona urbana,Acima de 55 anos,Feminino,Prefiro não responder,Pós-graduação completa,1 vez por semana,Apreciador interessado,4.3,Alta frequência,Extremamente importante,4,1,2,Alta prioridade,0,0,0,0,0,0,0,1,0,0,0,0,0,1,0,0,0,0,0,0,0,0,0,1,1,0,0,0,0,1,0
189,Região Sudeste,Zona urbana,Entre 36 e 45 anos,Masculino,Acima de 6 salários mínimos,Pós-graduação incompleta,1 vez por mês,Apreciador interessado,1.0,Frequência moderada,Extremamente importante,4,1,2,Potencial sustentável,0,1,0,0,0,0,0,1,0,0,0,1,1,1,0,0,0,1,0,0,0,1,1,1,1,0,0,0,0,1,1
190,Região Sul,Zona urbana,Entre 26 e 35 anos,Feminino,De 1 a 2 salários mínimos,Ensino superior incompleto,1 vez por semana,Apreciador técnico,4.3,Alta frequência,Extremamente importante,4,1,3,Alta prioridade,0,1,0,1,0,1,0,1,0,0,0,0,1,1,0,0,0,1,0,0,0,1,1,0,1,0,0,1,0,1,1
191,Região Sul,Zona urbana,Entre 26 e 35 anos,Feminino,De 3 a 4 salários mínimos,Ensino superior completo,De 2 a 3 vezes por semana,Apreciador interessado,10.8,Alta frequência,Muito importante,3,1,2,Alta prioridade,0,1,0,0,0,1,0,1,0,1,0,0,0,1,1,0,0,1,0,0,1,0,1,1,0,1,1,0,0,1,1
192,Região Sul,Zona urbana,Entre 18 e 25 anos,Feminino,Acima de 6 salários mínimos,Ensino superior incompleto,1 vez por semana,Consumidor ocasional,4.3,Alta frequência,Muito importante,3,1,1,Alta prioridade,0,0,0,0,0,0,1,0,0,0,0,0,0,1,0,0,0,0,0,0,1,0,0,0,1,0,0,0,0,0,0
193,Região Sul,Zona urbana,Entre 46 e 55 anos,Masculino,Acima de 6 salários mínimos,Ensino superior completo,De 2 a 3 vezes por semana,Apreciador técnico,10.8,Alta frequência,Muito importante,3,1,3,Alta prioridade,0,1,0,0,0,0,0,1,0,0,1,0,1,1,1,0,0,0,1,0,1,1,1,0,1,0,0,0,1,1,0
194,Região Sudeste,Zona urbana,Entre 46 e 55 anos,Feminino,Acima de 6 salários mínimos,Ensino superior completo,De 4 a 6 vezes por semana,Profissional do setor,21.5,Alta frequência,Muito importante,3,1,4,Alta prioridade,0,1,0,1,0,1,0,1,0,0,1,0,1,1,1,1,0,1,1,1,0,1,1,1,1,0,1,1,0,1,1
195,Região Sul,Zona urbana,Entre 26 e 35 anos,Feminino,De 3 a 4 salários mínimos,Pós-graduação completa,1 vez a cada 15 dias,Apreciador interessado,2.0,Frequência moderada,Muito importante,3,1,2,Potencial sustentável,0,1,0,1,0,1,0,1,0,1,0,0,0,1,0,0,1,1,1,0,1,1,1,1,1,0,1,0,1,1,1
196,Região Sul,Zona urbana,Entre 36 e 45 anos,Masculino,Acima de 6 salários mínimos,Pós-graduação completa,De 2 a 3 vezes por semana,Apreciador interessado,10.8,Alta frequência,Moderadamente importante,2,0,2,Consumidor frequente tradicional,0,1,0,0,0,1,0,1,0,1,1,1,0,1,1,0,0,1,1,0,1,1,0,0,1,1,0,0,1,0,0
197,Região Sul,Zona urbana,Entre 18 e 25 anos,Masculino,Menos de 1 salário mínimo,Prefiro não responder,De 2 a 3 vezes por semana,Apreciador técnico,10.8,Alta frequência,Muito importante,3,1,3,Alta prioridade,0,1,0,1,0,0,0,1,0,0,1,0,0,1,1,0,0,1,0,0,0,1,1,0,1,0,1,1,0,1,0
198,Região Sul,Zona urbana,Entre 18 e 25 anos,Feminino,De 5 a 6 salários mínimos,Ensino superior incompleto,Raramente,Consumidor ocasional,0.5,Baixa frequência,Muito importante,3,1,1,Potencial sustentável,0,1,0,1,0,1,1,1,0,0,0,0,0,1,0,0,0,1,0,0,1,1,1,0,0,0,1,1,0,1,0
199,Região Sul,Zona rural,Entre 36 e 45 anos,Feminino,De 3 a 4 salários mínimos,Pós-graduação completa,De 4 a 6 vezes por semana,Profissional do setor,21.5,Alta frequência,Extremamente importante,4,1,4,Alta prioridade,0,1,0,1,0,1,0,1,0,0,1,1,0,0,1,0,0,1,0,1,0,1,1,1,0,0,0,0,0,1,1
200,Região Sul,Zona urbana,Acima de 55 anos,Masculino,Prefiro não responder,Pós-graduação completa,De 2 a 3 vezes por semana,Apreciador interessado,10.8,Alta frequência,Moderadamente importante,2,0,2,Consumidor frequente tradicional,0,1,0,1,0,1,0,1,0,1,1,1,0,1,1,1,0,1,1,0,0,1,1,1,1,1,1,0,1,1,0
201,Região Sul,Zona urbana,Entre 26 e 35 anos,Feminino,De 3 a 4 salários mínimos,Ensino superior completo,De 2 a 3 vezes por semana,Apreciador interessado,10.8,Alta frequência,Muito importante,3,1,2,Alta prioridade,0,1,1,0,0,0,0,1,0,1,1,1,1,1,1,1,0,1,0,0,1,0,0,0,1,0,1,0,1,1,0
202,Região Sul,Zona urbana,Entre 26 e 35 anos,Masculino,Acima de 6 salários mínimos,Ensino superior incompleto,De 2 a 3 vezes por semana,Apreciador interessado,10.8,Alta frequência,Muito importante,3,1,2,Alta prioridade,0,1,0,0,1,1,0,1,0,1,0,1,0,1,1,0,1,1,1,1,1,1,0,0,0,0,1,0,1,1,0
203,Região Sul,Zona urbana,Entre 36 e 45 anos,Masculino,De 5 a 6 salários mínimos,Pós-graduação completa,1 vez por mês,Consumidor ocasional,1.0,Frequência moderada,Muito importante,3,1,1,Potencial sustentável,0,1,0,1,0,1,0,1,0,0,0,0,0,1,0,1,1,1,1,0,0,0,1,0,1,0,0,0,1,1,0
204,Região Sudeste,Zona urbana,Acima de 55 anos,Masculino,Acima de 6 salários mínimos,Pós-graduação completa,1 vez por mês,Consumidor ocasional,1.0,Frequência moderada,Muito importante,3,1,1,Potencial sustentável,1,0,0,0,0,0,0,0,0,0,1,0,0,0,0,0,0,0,0,0,1,0,0,0,0,0,0,0,0,1,0
205,Região Sul,Zona urbana,Entre 26 e 35 anos,Feminino,De 1 a 2 salários mínimos,Pós-graduação completa,Raramente,Consumidor ocasional,0.5,Baixa frequência,Muito importante,3,1,1,Potencial sustentável,0,0,1,1,0,1,1,1,0,0,0,0,0,1,0,1,1,1,1,0,1,0,1,0,1,1,1,1,1,1,1
206,Região Sul,Zona urbana,Acima de 55 anos,Feminino,Acima de 6 salários mínimos,Pós-graduação completa,De 2 a 3 vezes por semana,Apreciador técnico,10.8,Alta frequência,Extremamente importante,4,1,3,Alta prioridade,0,0,0,0,0,0,0,1,0,1,1,1,0,0,1,1,0,1,0,0,1,0,1,1,1,0,1,1,1,1,1
207,Região Sul,Zona urbana,Entre 36 e 45 anos,Masculino,Acima de 6 salários mínimos,Ensino superior incompleto,De 2 a 3 vezes por semana,Apreciador interessado,10.8,Alta frequência,Muito importante,3,1,2,Alta prioridade,0,0,0,0,0,0,0,1,0,0,1,0,0,0,1,0,0,0,1,0,1,1,0,0,0,0,0,0,0,1,0
208,Região Sudeste,Zona urbana,Entre 36 e 45 anos,Masculino,De 5 a 6 salários mínimos,Ensino superior completo,1 vez a cada 15 dias,Consumidor ocasional,2.0,Frequência moderada,Muito importante,3,1,1,Potencial sustentável,0,0,0,1,0,1,0,1,0,0,0,0,0,1,0,0,1,1,1,0,0,1,0,0,0,0,1,0,1,1,0
209,Região Sul,Zona urbana,Entre 46 e 55 anos,Masculino,Acima de 6 salários mínimos,Ensino superior completo,Diariamente,Profissional do setor,30.4,Alta frequência,Extremamente importante,4,1,4,Alta prioridade,0,1,0,1,1,1,0,1,0,0,1,1,0,1,1,1,0,1,0,1,0,1,1,1,0,1,1,1,0,1,1
210,Região Sul,Zona urbana,Acima de 55 anos,Feminino,Acima de 6 salários mínimos,Pós-graduação completa,Raramente,Apreciador técnico,0.5,Baixa frequência,Muito importante,3,1,3,Potencial sustentável,0,1,0,1,0,0,0,1,0,1,0,0,1,1,0,0,0,0,0,0,0,1,1,1,0,0,1,1,0,0,1
211,Região Sul,Zona urbana,Entre 36 e 45 anos,Masculino,Acima de 6 salários mínimos,Pós-graduação completa,Diariamente,Profissional do setor,30.4,Alta frequência,Pouco importante,1,0,4,Consumidor frequente tradicional,0,1,1,1,1,1,0,1,0,0,0,1,0,1,0,0,0,1,0,0,0,1,1,1,0,0,0,0,0,1,0
212,Região Sul,Zona urbana,Entre 46 e 55 anos,Masculino,Menos de 1 salário mínimo,Ensino superior completo,1 vez por semana,Apreciador interessado,4.3,Alta frequência,Muito importante,3,1,2,Alta prioridade,0,0,0,0,0,0,0,1,0,0,0,0,0,1,0,1,0,1,1,0,1,0,1,1,1,0,0,0,1,1,0
213,Região Sul,Zona urbana,Entre 46 e 55 anos,Feminino,Acima de 6 salários mínimos,Pós-graduação completa,De 4 a 6 vezes por semana,Apreciador interessado,21.5,Alta frequência,Extremamente importante,4,1,2,Alta prioridade,0,1,0,0,0,1,0,1,0,0,0,1,0,1,0,0,1,1,0,0,0,1,1,1,1,0,0,1,1,1,1
214,Região Sul,Zona urbana,Entre 46 e 55 anos,Masculino,Acima de 6 salários mínimos,Pós-graduação completa,De 2 a 3 vezes por semana,Apreciador interessado,10.8,Alta frequência,Muito importante,3,1,2,Alta prioridade,0,1,0,1,0,0,0,1,0,0,1,0,1,1,1,0,0,1,1,0,1,0,1,1,1,0,0,0,1,1,0
215,Região Sudeste,Zona urbana,Entre 26 e 35 anos,Feminino,De 1 a 2 salários mínimos,Ensino superior completo,1 vez por semana,Apreciador interessado,4.3,Alta frequência,Muito importante,3,1,2,Alta prioridade,0,1,0,1,0,1,1,0,0,0,1,0,0,1,1,0,1,0,0,0,0,0,1,1,1,0,0,1,0,0,1
216,Região Sul,Zona urbana,Entre 46 e 55 anos,Feminino,Acima de 6 salários mínimos,Pós-graduação completa,1 vez por semana,Apreciador interessado,4.3,Alta frequência,Muito importante,3,1,2,Alta prioridade,0,0,0,1,0,1,0,1,0,0,1,1,0,0,0,0,0,0,0,0,1,1,1,0,0,0,1,1,0,1,0
217,Região Sul,Zona urbana,Entre 26 e 35 anos,Masculino,Acima de 6 salários mínimos,Pós-graduação completa,1 vez por semana,Apreciador técnico,4.3,Alta frequência,Muito importante,3,1,3,Alta prioridade,0,1,1,1,0,1,0,1,0,1,0,0,0,1,1,0,0,1,0,0,0,0,1,0,0,1,0,0,1,1,1
218,Região Sul,Zona urbana,Entre 26 e 35 anos,Feminino,De 3 a 4 salários mínimos,Pós-graduação incompleta,1 vez por mês,Profissional do setor,1.0,Frequência moderada,Muito importante,3,1,4,Potencial sustentável,0,1,0,1,0,1,0,0,0,1,1,0,0,0,1,0,0,0,0,0,1,0,1,1,0,0,0,1,1,1,0
219,Região Sul,Zona urbana,Entre 26 e 35 anos,Masculino,Menos de 1 salário mínimo,Pós-graduação incompleta,1 vez por mês,Profissional do setor,1.0,Frequência moderada,Moderadamente importante,2,0,4,Baixa prioridade,0,1,0,1,1,0,0,1,0,1,1,1,0,1,1,0,1,1,1,0,1,1,1,1,0,0,0,0,1,1,0
220,Região Sul,Zona rural,Entre 36 e 45 anos,Masculino,Acima de 6 salários mínimos,Pós-graduação completa,1 vez a cada 15 dias,Apreciador interessado,2.0,Frequência moderada,Muito importante,3,1,2,Potencial sustentável,0,0,0,0,0,0,0,1,0,0,0,0,0,1,0,0,1,1,0,0,0,0,1,0,0,0,0,1,0,1,1
221,Região Sul,Zona urbana,Entre 36 e 45 anos,Masculino,De 5 a 6 salários mínimos,Pós-graduação incompleta,1 vez a cada 15 dias,Profissional do setor,2.0,Frequência moderada,Pouco importante,1,0,4,Baixa prioridade,0,1,0,1,0,1,0,1,0,1,0,0,1,1,1,0,0,1,1,0,0,0,1,1,0,1,0,0,1,1,0
222,Região Sul,Zona urbana,Entre 36 e 45 anos,Masculino,De 3 a 4 salários mínimos,Pós-graduação completa,1 vez por semana,Apreciador interessado,4.3,Alta frequência,Moderadamente importante,2,0,2,Consumidor frequente tradicional,0,0,0,0,0,0,0,1,0,0,0,0,0,1,0,0,1,0,0,0,0,0,0,0,0,0,0,0,0,1,0
223,Região Sul,Zona urbana,Entre 18 e 25 anos,Feminino,De 3 a 4 salários mínimos,Pós-graduação incompleta,De 2 a 3 vezes por semana,Profissional do setor,10.8,Alta frequência,Extremamente importante,4,1,4,Alta prioridade,0,1,1,1,0,1,0,1,0,1,0,0,1,1,0,1,1,1,1,1,0,0,1,1,1,0,0,1,1,1,1
224,Região Sul,Zona urbana,Acima de 55 anos,Feminino,De 3 a 4 salários mínimos,Pós-graduação completa,De 4 a 6 vezes por semana,Consumidor ocasional,21.5,Alta frequência,Extremamente importante,4,1,1,Alta prioridade,1,0,0,0,0,0,0,0,0,0,0,0,0,1,0,0,0,1,1,0,1,1,1,0,0,0,0,0,0,0,1
225,Região Sul,Zona urbana,Entre 26 e 35 anos,Masculino,Prefiro não responder,Ensino médio completo,De 4 a 6 vezes por semana,Profissional do setor,21.5,Alta frequência,Moderadamente importante,2,0,4,Consumidor frequente tradicional,0,1,1,1,1,1,1,1,0,0,1,1,1,1,1,0,0,1,1,0,1,1,0,0,1,0,1,0,1,1,0
226,Região Nordeste,Zona urbana,Entre 46 e 55 anos,Feminino,Acima de 6 salários mínimos,Pós-graduação completa,1 vez a cada 15 dias,Profissional do setor,2.0,Frequência moderada,Extremamente importante,4,1,4,Potencial sustentável,0,1,0,1,1,0,0,1,0,1,1,1,1,0,1,0,0,0,1,0,0,1,1,0,1,0,0,0,0,1,1
227,Região Sul,Zona urbana,Entre 36 e 45 anos,Feminino,De 3 a 4 salários mínimos,Pós-graduação completa,Raramente,Apreciador interessado,0.5,Baixa frequência,Extremamente importante,4,1,2,Potencial sustentável,0,0,0,1,0,0,0,1,0,0,1,0,0,1,0,0,0,1,1,0,0,1,1,0,0,0,1,0,1,0,1
228,Região Sul,Zona urbana,Acima de 55 anos,Feminino,Acima de 6 salários mínimos,Pós-graduação completa,1 vez a cada 15 dias,Apreciador interessado,2.0,Frequência moderada,Extremamente importante,4,1,2,Potencial sustentável,0,1,0,0,0,1,0,1,0,0,0,1,0,1,0,0,0,1,1,0,0,0,1,1,0,0,1,1,1,1,0
229,Região Sul,Zona urbana,Entre 46 e 55 anos,Feminino,Acima de 6 salários mínimos,Pós-graduação completa,1 vez por mês,Apreciador interessado,1.0,Frequência moderada,Moderadamente importante,2,0,2,Baixa prioridade,0,0,0,1,0,0,0,1,0,0,1,0,0,1,0,0,0,1,1,0,1,1,1,0,1,0,0,0,1,1,0
230,Região Sudeste,Zona urbana,Entre 26 e 35 anos,Feminino,De 1 a 2 salários mínimos,Pós-graduação incompleta,Raramente,Consumidor ocasional,0.5,Baixa frequência,Extremamente importante,4,1,1,Potencial sustentável,0,1,0,1,0,1,0,0,0,0,0,0,0,1,0,1,0,1,1,0,1,0,1,0,1,0,0,1,0,1,1
231,Região Nordeste,Zona urbana,Acima de 55 anos,Feminino,De 3 a 4 salários mínimos,Ensino superior completo,1 vez por mês,Apreciador interessado,1.0,Frequência moderada,Extremamente importante,4,1,2,Potencial sustentável,0,1,0,1,0,0,0,1,0,0,1,0,0,0,1,1,0,0,0,0,1,0,0,0,1,1,0,0,1,1,1
232,Região Nordeste,Zona urbana,Entre 36 e 45 anos,Feminino,Menos de 1 salário mínimo,Ensino superior completo,Raramente,Consumidor ocasional,0.5,Baixa frequência,Moderadamente importante,2,0,1,Baixa prioridade,0,0,0,0,0,0,1,0,0,0,0,0,0,1,0,0,0,0,0,0,0,1,0,0,0,0,0,0,0,0,1
233,Região Sul,Zona urbana,Entre 36 e 45 anos,Feminino,De 1 a 2 salários mínimos,Pós-graduação completa,Raramente,Consumidor ocasional,0.5,Baixa frequência,Moderadamente importante,2,0,1,Baixa prioridade,0,0,0,0,1,1,1,1,0,0,0,1,0,1,1,1,0,1,0,0,0,1,0,1,1,0,0,1,0,0,1
234,Região Sul,Zona urbana,Entre 46 e 55 anos,Feminino,Acima de 6 salários mínimos,Pós-graduação completa,Raramente,Consumidor ocasional,0.5,Baixa frequência,Extremamente importante,4,1,1,Potencial sustentável,0,0,1,1,0,0,1,1,0,0,0,0,1,0,0,0,0,1,0,0,1,1,0,0,1,0,1,1,0,1,0
235,Região Nordeste,Zona urbana,Entre 36 e 45 anos,Feminino,De 1 a 2 salários mínimos,Pós-graduação incompleta,1 vez por mês,Consumidor ocasional,1.0,Frequência moderada,Extremamente importante,4,1,1,Potencial sustentável,0,0,0,1,0,1,1,0,0,0,0,0,0,1,1,0,0,0,1,0,1,1,1,0,1,1,1,0,0,1,1
236,Região Sul,Zona urbana,Entre 18 e 25 anos,Feminino,De 3 a 4 salários mínimos,Pós-graduação incompleta,Raramente,Consumidor ocasional,0.5,Baixa frequência,Muito importante,3,1,1,Potencial sustentável,0,1,0,0,0,1,0,1,0,0,0,0,0,1,0,0,1,1,1,0,1,0,1,0,0,0,0,0,1,1,0
237,Região Centro-Oeste,Zona urbana,Entre 26 e 35 anos,Feminino,De 5 a 6 salários mínimos,Pós-graduação completa,1 vez a cada 15 dias,Apreciador interessado,2.0,Frequência moderada,Muito importante,3,1,2,Potencial sustentável,0,1,0,0,0,1,0,1,0,0,0,0,0,1,0,1,1,1,0,0,1,0,0,1,1,0,1,0,0,1,0
238,Região Nordeste,Zona urbana,Acima de 55 anos,Feminino,De 3 a 4 salários mínimos,Pós-graduação completa,Não consumo vinho,Apreciador interessado,0.0,Não consumidor,Extremamente importante,4,1,2,Potencial sustentável,0,0,1,0,0,1,0,1,0,0,0,0,1,1,0,0,0,1,0,0,1,1,0,0,1,0,0,1,0,1,1
239,Região Sul,Zona urbana,Acima de 55 anos,Masculino,Acima de 6 salários mínimos,Pós-graduação completa,De 2 a 3 vezes por semana,Profissional do setor,10.8,Alta frequência,Muito importante,3,1,4,Alta prioridade,0,1,0,1,1,1,0,1,0,0,0,0,1,1,1,0,1,1,1,0,1,1,1,1,1,0,1,0,1,1,1
240,Região Sul,Zona urbana,Acima de 55 anos,Masculino,Acima de 6 salários mínimos,Pós-graduação completa,1 vez por semana,Profissional do setor,4.3,Alta frequência,Extremamente importante,4,1,4,Alta prioridade,0,1,0,1,1,1,0,1,0,1,0,1,0,1,1,1,0,1,0,0,0,1,1,0,0,0,0,1,0,1,1
241,Região Sul,Zona urbana,Entre 36 e 45 anos,Feminino,De 3 a 4 salários mínimos,Pós-graduação incompleta,Raramente,Consumidor ocasional,0.5,Baixa frequência,Muito importante,3,1,1,Potencial sustentável,0,0,1,1,0,1,1,0,0,0,1,0,0,1,1,0,0,1,1,0,1,0,0,0,0,0,0,1,1,0,1
242,Região Sul,Zona urbana,Entre 46 e 55 anos,Feminino,De 5 a 6 salários mínimos,Pós-graduação completa,1 vez por mês,Apreciador interessado,1.0,Frequência moderada,Muito importante,3,1,2,Potencial sustentável,0,0,0,0,0,0,1,0,0,0,0,0,0,1,0,0,1,0,1,0,1,1,0,0,1,0,0,0,0,1,1
243,Região Nordeste,Zona urbana,Entre 36 e 45 anos,Feminino,Acima de 6 salários mínimos,Pós-graduação completa,Raramente,Consumidor ocasional,0.5,Baixa frequência,Muito importante,3,1,1,Potencial sustentável,0,0,0,1,0,1,1,0,0,0,0,0,0,1,0,1,1,1,0,0,0,0,0,0,0,1,0,1,0,0,1
244,Região Nordeste,Zona urbana,Entre 36 e 45 anos,Feminino,Acima de 6 salários mínimos,Pós-graduação completa,1 vez por semana,Consumidor ocasional,4.3,Alta frequência,Muito importante,3,1,1,Alta prioridade,0,1,0,0,0,1,0,1,0,0,0,0,0,1,0,0,0,1,0,0,0,1,0,0,1,0,0,0,0,1,0
245,Região Nordeste,Zona urbana,Entre 36 e 45 anos,Feminino,De 1 a 2 salários mínimos,Ensino superior completo,Raramente,Consumidor ocasional,0.5,Baixa frequência,Muito importante,3,1,1,Potencial sustentável,0,0,0,0,0,0,1,0,0,0,0,0,0,1,0,0,0,0,0,0,1,0,0,0,0,0,0,0,0,1,0
246,Região Nordeste,Zona urbana,Entre 36 e 45 anos,Feminino,Acima de 6 salários mínimos,Pós-graduação completa,1 vez a cada 15 dias,Consumidor ocasional,2.0,Frequência moderada,Extremamente importante,4,1,1,Potencial sustentável,0,1,0,1,0,1,0,0,0,0,1,0,0,1,0,0,0,0,1,1,1,0,1,0,1,0,0,1,1,1,1
247,Região Nordeste,Zona rural,Entre 18 e 25 anos,Feminino,Menos de 1 salário mínimo,Ensino médio completo,Não consumo vinho,Não consumidor,0.0,Não consumidor,Extremamente importante,4,1,0,Potencial sustentável,1,0,0,0,0,0,0,0,0,0,0,0,0,1,0,0,0,0,0,1,0,1,1,0,1,0,1,1,0,1,0
248,Região Nordeste,Zona urbana,Entre 18 e 25 anos,Masculino,De 1 a 2 salários mínimos,Pós-graduação completa,1 vez por mês,Consumidor ocasional,1.0,Frequência moderada,Moderadamente importante,2,0,1,Baixa prioridade,0,1,0,1,0,1,1,0,0,0,0,0,0,1,0,0,1,1,1,0,1,0,0,0,1,0,0,0,1,0,1
249,Região Nordeste,Zona urbana,Entre 18 e 25 anos,Masculino,De 1 a 2 salários mínimos,Pós-graduação incompleta,De 2 a 3 vezes por semana,Consumidor ocasional,10.8,Alta frequência,Extremamente importante,4,1,1,Alta prioridade,0,0,0,0,0,0,0,1,0,0,0,0,0,1,0,0,1,1,1,0,0,0,0,0,1,0,0,1,1,0,1
250,Região Nordeste,Zona urbana,Entre 26 e 35 anos,Masculino,Acima de 6 salários mínimos,Pós-graduação completa,1 vez a cada 15 dias,Apreciador interessado,2.0,Frequência moderada,Moderadamente importante,2,0,2,Baixa prioridade,0,1,0,0,0,1,0,1,0,0,1,1,0,1,0,1,0,1,0,0,1,0,1,0,1,0,0,0,1,1,0
251,Região Nordeste,Zona urbana,Entre 26 e 35 anos,Feminino,De 1 a 2 salários mínimos,Pós-graduação incompleta,1 vez por mês,Consumidor ocasional,1.0,Frequência moderada,Muito importante,3,1,1,Potencial sustentável,0,0,1,0,0,0,0,1,0,0,0,0,0,1,0,1,1,1,0,0,1,0,0,0,1,0,0,1,1,1,0
252,Região Sul,Zona urbana,Entre 36 e 45 anos,Feminino,Acima de 6 salários mínimos,Pós-graduação completa,De 2 a 3 vezes por semana,Apreciador técnico,10.8,Alta frequência,Extremamente importante,4,1,3,Alta prioridade,0,1,0,0,0,1,0,1,0,0,0,0,0,1,0,0,0,1,0,0,0,1,1,0,1,0,0,0,1,1,1
253,Região Sul,Zona urbana,Entre 18 e 25 anos,Feminino,Menos de 1 salário mínimo,Pós-graduação completa,1 vez a cada 15 dias,Consumidor ocasional,2.0,Frequência moderada,Extremamente importante,4,1,1,Potencial sustentável,0,0,1,1,0,1,1,0,0,0,1,1,1,1,1,1,0,1,1,0,1,0,0,0,0,0,0,0,1,1,0
254,Região Sul,Zona urbana,Entre 46 e 55 anos,Feminino,Acima de 6 salários mínimos,Pós-graduação completa,De 4 a 6 vezes por semana,Apreciador interessado,21.5,Alta frequência,Extremamente importante,4,1,2,Alta prioridade,0,1,0,1,0,0,0,1,0,0,0,0,0,1,0,0,0,1,0,0,0,0,1,1,0,0,1,0,0,0,1
255,Região Sul,Zona rural,Entre 26 e 35 anos,Masculino,De 3 a 4 salários mínimos,Pós-graduação completa,Raramente,Consumidor ocasional,0.5,Baixa frequência,Moderadamente importante,2,0,1,Baixa prioridade,0,0,0,0,0,0,1,0,0,0,0,0,1,1,0,0,0,1,1,0,0,0,0,0,1,1,1,1,1,1,1
256,Região Sul,Zona urbana,Entre 26 e 35 anos,Feminino,De 3 a 4 salários mínimos,Pós-graduação completa,1 vez por semana,Profissional do setor,4.3,Alta frequência,Extremamente importante,4,1,4,Alta prioridade,0,1,0,1,0,0,0,1,0,1,1,0,1,1,1,0,0,1,0,0,1,1,1,1,1,1,1,0,0,1,1
257,Região Sul,Zona urbana,Entre 26 e 35 anos,Feminino,De 3 a 4 salários mínimos,Pós-graduação incompleta,1 vez a cada 15 dias,Apreciador técnico,2.0,Frequência moderada,Extremamente importante,4,1,3,Potencial sustentável,0,1,1,1,0,1,0,1,0,1,1,0,0,1,0,1,1,1,1,0,1,1,1,0,1,1,0,0,0,1,0
258,Região Sudeste,Zona urbana,Entre 46 e 55 anos,Masculino,Acima de 6 salários mínimos,Pós-graduação completa,De 2 a 3 vezes por semana,Profissional do setor,10.8,Alta frequência,Moderadamente importante,2,0,4,Consumidor frequente tradicional,0,1,0,1,1,1,0,1,0,1,1,1,1,1,1,0,0,1,1,0,0,1,1,1,1,0,0,0,1,1,0
259,Região Sul,Zona urbana,Entre 46 e 55 anos,Masculino,Acima de 6 salários mínimos,Pós-graduação completa,1 vez por mês,Apreciador interessado,1.0,Frequência moderada,Muito importante,3,1,2,Potencial sustentável,0,1,0,1,0,0,0,1,0,1,1,1,0,0,1,0,0,1,0,0,1,1,0,1,0,0,1,1,1,1,0
260,Região Sul,Zona urbana,Entre 46 e 55 anos,Feminino,Acima de 6 salários mínimos,Pós-graduação completa,Raramente,Apreciador interessado,0.5,Baixa frequência,Muito importante,3,1,2,Potencial sustentável,0,0,0,1,1,0,0,1,0,1,1,1,1,1,1,1,0,1,1,0,1,1,1,1,0,0,1,1,1,1,0
261,Região Sul,Zona urbana,Entre 46 e 55 anos,Feminino,Acima de 6 salários mínimos,Pós-graduação completa,De 2 a 3 vezes por semana,Apreciador técnico,10.8,Alta frequência,Extremamente importante,4,1,3,Alta prioridade,0,1,1,1,1,1,0,1,0,1,1,1,1,0,1,1,0,0,0,1,0,1,1,1,1,1,0,1,0,1,1
